camera_id,image_id,car_count,bus_count,truck_count,motorcycle_count,vehicle_count,congestion_level,model_name,conf,imgsz,analyzed_at
TCM001,TCM001_0,9,0,1,0,10,yellow,yolo26n.pt,0.4,1280,2026-06-03T15:57:36
TCM001,TCM001_1,14,0,1,0,15,yellow,yolo26n.pt,0.4,1280,2026-06-03T15:57:36
TCM001,TCM001_2,17,0,1,0,18,red,yolo26n.pt,0.4,1280,2026-06-03T15:57:36
TCM001,TCM001_3,10,1,0,0,11,yellow,yolo26n.pt,0.4,1280,2026-06-03T15:57:37
TCM002,TCM002_0,9,0,3,0,12,yellow,yolo26n.pt,0.4,1280,2026-06-03T15:57:37
TCM002,TCM002_1,9,1,2,0,12,yellow,yolo26n.pt,0.4,1280,2026-06-03T15:57:37
TCM002,TCM002_2,4,0,0,0,4,green,yolo26n.pt,0.4,1280,2026-06-03T15:57:37
TCM003,TCM003_0,12,0,0,0,12,yellow,yolo26n.pt,0.4,1280,2026-06-03T15:57:38
TCM003,TCM003_1,15,1,0,0,16,red,yolo26n.pt,0.4,1280,2026-06-03T15:57:38
TCM003,TCM003_2,19,0,0,0,19,red,yolo26n.pt,0.4,1280,2026-06-03T15:57:38
TCM004,TCM004_0,4,0,2,0,6,yellow,yolo26n.pt,0.4,1280,2026-06-03T15:57:38
TCM004,TCM004_1,13,1,0,0,14,yellow,yolo26n.pt,0.4,1280,2026-06-03T15:57:38
TCM004,TCM004_2,10,1,0,0,11,yellow,yolo26n.pt,0.4,1280,2026-06-03T15:57:39
TCM004,TCM004_3,10,0,0,0,10,yellow,yolo26n.pt,0.4,1280,2026-06-03T15:57:39
TCM005,TCM005_0,1,0,0,0,1,green,yolo26n.pt,0.4,1280,2026-06-03T15:57:39
TCM005,TCM005_1,6,0,0,0,6,yellow,yolo26n.pt,0.4,1280,2026-06-03T15:57:39
TCM006,TCM006_0,6,0,1,0,7,yellow,yolo26n.pt,0.4,1280,2026-06-03T15:57:39
TCM006,TCM006_1,1,0,0,0,1,green,yolo26n.pt,0.4,1280,2026-06-03T15:57:40
TCM006,TCM006_2,8,0,1,0,9,yellow,yolo26n.pt,0.4,1280,2026-06-03T15:57:40
TCM006,TCM006_3,6,0,2,0,8,yellow,yolo26n.pt,0.4,1280,2026-06-03T15:57:40
TCM007,TCM007_0,16,0,0,0,16,red,yolo26n.pt,0.4,1280,2026-06-03T15:57:40
TCM007,TCM007_1,8,0,0,0,8,yellow,yolo26n.pt,0.4,1280,2026-06-03T15:57:41
TCM007,TCM007_2,12,0,0,0,12,yellow,yolo26n.pt,0.4,1280,2026-06-03T15:57:41
TCM007,TCM007_3,10,0,0,0,10,yellow,yolo26n.pt,0.4,1280,2026-06-03T15:57:41
TCM008,TCM008_0,10,1,0,0,11,yellow,yolo26n.pt,0.4,1280,2026-06-03T15:57:41
TCM008,TCM008_1,4,0,1,0,5,green,yolo26n.pt,0.4,1280,2026-06-03T15:57:41
TCM008,TCM008_2,13,1,1,0,15,yellow,yolo26n.pt,0.4,1280,2026-06-03T15:57:42
TCM008,TCM008_3,5,0,0,0,5,green,yolo26n.pt,0.4,1280,2026-06-03T15:57:42
TCM009,TCM009_0,10,0,1,0,11,yellow,yolo26n.pt,0.4,1280,2026-06-03T15:57:42
TCM009,TCM009_1,6,0,0,0,6,yellow,yolo26n.pt,0.4,1280,2026-06-03T15:57:43
TCM009,TCM009_2,7,0,0,0,7,yellow,yolo26n.pt,0.4,1280,2026-06-03T15:57:43
TCM009,TCM009_3,3,0,0,0,3,green,yolo26n.pt,0.4,1280,2026-06-03T15:57:43
TCM010,TCM010_0,13,0,0,0,13,yellow,yolo26n.pt,0.4,1280,2026-06-03T15:57:43
TCM010,TCM010_1,9,0,0,0,9,yellow,yolo26n.pt,0.4,1280,2026-06-03T15:57:43
TCM010,TCM010_2,12,0,0,0,12,yellow,yolo26n.pt,0.4,1280,2026-06-03T15:57:44
TCM010,TCM010_3,11,0,1,0,12,yellow,yolo26n.pt,0.4,1280,2026-06-03T15:57:44
TCM011,TCM011_0,6,0,0,0,6,yellow,yolo26n.pt,0.4,1280,2026-06-03T15:57:44
TCM011,TCM011_1,5,0,0,0,5,green,yolo26n.pt,0.4,1280,2026-06-03T15:57:45
TCM011,TCM011_2,7,0,0,0,7,yellow,yolo26n.pt,0.4,1280,2026-06-03T15:57:45
TCM011,TCM011_3,3,0,0,0,3,green,yolo26n.pt,0.4,1280,2026-06-03T15:57:45
TCM012,TCM012_0,5,0,0,0,5,green,yolo26n.pt,0.4,1280,2026-06-03T15:57:45
TCM012,TCM012_1,3,0,0,0,3,green,yolo26n.pt,0.4,1280,2026-06-03T15:57:46
TCM012,TCM012_2,6,0,1,0,7,yellow,yolo26n.pt,0.4,1280,2026-06-03T15:57:46
TCM012,TCM012_3,3,0,1,0,4,green,yolo26n.pt,0.4,1280,2026-06-03T15:57:46
TCM013,TCM013_0,3,0,0,0,3,green,yolo26n.pt,0.4,1280,2026-06-03T15:57:46
TCM013,TCM013_1,5,0,0,0,5,green,yolo26n.pt,0.4,1280,2026-06-03T15:57:47
TCM013,TCM013_2,7,0,0,0,7,yellow,yolo26n.pt,0.4,1280,2026-06-03T15:57:47
TCM013,TCM013_3,8,1,0,0,9,yellow,yolo26n.pt,0.4,1280,2026-06-03T15:57:47
TCM014,TCM014_0,1,0,0,0,1,green,yolo26n.pt,0.4,1280,2026-06-03T15:57:48
TCM014,TCM014_1,10,0,0,0,10,yellow,yolo26n.pt,0.4,1280,2026-06-03T15:57:48
TCM014,TCM014_2,4,0,1,0,5,green,yolo26n.pt,0.4,1280,2026-06-03T15:57:48
TCM014,TCM014_3,10,0,0,0,10,yellow,yolo26n.pt,0.4,1280,2026-06-03T15:57:48
TCM015,TCM015_0,2,0,0,0,2,green,yolo26n.pt,0.4,1280,2026-06-03T15:57:49
TCM015,TCM015_1,4,0,0,0,4,green,yolo26n.pt,0.4,1280,2026-06-03T15:57:49
TCM015,TCM015_2,9,0,0,0,9,yellow,yolo26n.pt,0.4,1280,2026-06-03T15:57:49
TCM015,TCM015_3,6,0,0,0,6,yellow,yolo26n.pt,0.4,1280,2026-06-03T15:57:50
TCM016,TCM016_0,8,0,0,0,8,yellow,yolo26n.pt,0.4,1280,2026-06-03T15:57:50
TCM016,TCM016_1,8,0,2,0,10,yellow,yolo26n.pt,0.4,1280,2026-06-03T15:57:50
TCM016,TCM016_2,5,0,0,0,5,green,yolo26n.pt,0.4,1280,2026-06-03T15:57:50
TCM016,TCM016_3,9,0,1,0,10,yellow,yolo26n.pt,0.4,1280,2026-06-03T15:57:51
TCM017,TCM017_0,16,0,0,0,16,red,yolo26n.pt,0.4,1280,2026-06-03T15:57:51
TCM017,TCM017_1,14,0,0,0,14,yellow,yolo26n.pt,0.4,1280,2026-06-03T15:57:51
TCM017,TCM017_2,11,0,0,0,11,yellow,yolo26n.pt,0.4,1280,2026-06-03T15:57:52
TCM017,TCM017_3,11,0,0,0,11,yellow,yolo26n.pt,0.4,1280,2026-06-03T15:57:52
TCM018,TCM018_0,17,0,1,0,18,red,yolo26n.pt,0.4,1280,2026-06-03T15:57:52
TCM018,TCM018_1,5,0,0,0,5,green,yolo26n.pt,0.4,1280,2026-06-03T15:57:52
TCM018,TCM018_2,9,0,0,0,9,yellow,yolo26n.pt,0.4,1280,2026-06-03T15:57:52
TCM018,TCM018_3,12,0,0,0,12,yellow,yolo26n.pt,0.4,1280,2026-06-03T15:57:53
TCM019,TCM019_0,6,0,2,0,8,yellow,yolo26n.pt,0.4,1280,2026-06-03T15:57:53
TCM019,TCM019_1,9,0,0,0,9,yellow,yolo26n.pt,0.4,1280,2026-06-03T15:57:53
TCM019,TCM019_2,17,0,3,0,20,red,yolo26n.pt,0.4,1280,2026-06-03T15:57:53
TCM019,TCM019_3,9,0,0,0,9,yellow,yolo26n.pt,0.4,1280,2026-06-03T15:57:54
TCM020,TCM020_0,12,0,0,0,12,yellow,yolo26n.pt,0.4,1280,2026-06-03T15:57:54
TCM020,TCM020_1,2,0,0,0,2,green,yolo26n.pt,0.4,1280,2026-06-03T15:57:54
TCM020,TCM020_2,9,0,0,0,9,yellow,yolo26n.pt,0.4,1280,2026-06-03T15:57:55
TCM020,TCM020_3,4,0,0,0,4,green,yolo26n.pt,0.4,1280,2026-06-03T15:57:55
TCM021,TCM021_0,11,0,0,0,11,yellow,yolo26n.pt,0.4,1280,2026-06-03T15:57:55
TCM021,TCM021_1,10,1,0,0,11,yellow,yolo26n.pt,0.4,1280,2026-06-03T15:57:55
TCM021,TCM021_2,9,0,1,0,10,yellow,yolo26n.pt,0.4,1280,2026-06-03T15:57:56
TCM021,TCM021_3,9,0,0,0,9,yellow,yolo26n.pt,0.4,1280,2026-06-03T15:57:56
TCM022,TCM022_0,16,0,0,0,16,red,yolo26n.pt,0.4,1280,2026-06-03T15:57:56
TCM022,TCM022_1,13,0,1,0,14,yellow,yolo26n.pt,0.4,1280,2026-06-03T15:57:56
TCM022,TCM022_2,13,0,0,0,13,yellow,yolo26n.pt,0.4,1280,2026-06-03T15:57:57
TCM022,TCM022_3,13,2,0,0,15,yellow,yolo26n.pt,0.4,1280,2026-06-03T15:57:57
TCM023,TCM023_0,12,0,1,0,13,yellow,yolo26n.pt,0.4,1280,2026-06-03T15:57:57
TCM023,TCM023_1,14,0,2,0,16,red,yolo26n.pt,0.4,1280,2026-06-03T15:57:57
TCM023,TCM023_2,12,0,1,0,13,yellow,yolo26n.pt,0.4,1280,2026-06-03T15:57:58
TCM023,TCM023_3,12,0,1,0,13,yellow,yolo26n.pt,0.4,1280,2026-06-03T15:57:58
TCM024,TCM024_0,12,0,1,0,13,yellow,yolo26n.pt,0.4,1280,2026-06-03T15:57:58
TCM024,TCM024_1,11,0,0,0,11,yellow,yolo26n.pt,0.4,1280,2026-06-03T15:57:58
TCM024,TCM024_2,6,0,0,0,6,yellow,yolo26n.pt,0.4,1280,2026-06-03T15:57:59
TCM024,TCM024_3,7,0,1,0,8,yellow,yolo26n.pt,0.4,1280,2026-06-03T15:57:59
TCM025,TCM025_0,11,0,0,0,11,yellow,yolo26n.pt,0.4,1280,2026-06-03T15:57:59
TCM025,TCM025_1,9,0,0,0,9,yellow,yolo26n.pt,0.4,1280,2026-06-03T15:57:59
TCM025,TCM025_2,2,0,0,0,2,green,yolo26n.pt,0.4,1280,2026-06-03T15:58:00
TCM025,TCM025_3,1,0,0,0,1,green,yolo26n.pt,0.4,1280,2026-06-03T15:58:00
TCM026,TCM026_0,0,0,1,0,1,green,yolo26n.pt,0.4,1280,2026-06-03T15:58:00
TCM026,TCM026_1,10,0,0,0,10,yellow,yolo26n.pt,0.4,1280,2026-06-03T15:58:01
TCM026,TCM026_2,0,1,0,0,1,green,yolo26n.pt,0.4,1280,2026-06-03T15:58:01
TCM026,TCM026_3,1,0,1,0,2,green,yolo26n.pt,0.4,1280,2026-06-03T15:58:01
TCM027,TCM027_0,0,0,0,0,0,green,yolo26n.pt,0.4,1280,2026-06-03T15:58:01
TCM027,TCM027_1,6,0,2,0,8,yellow,yolo26n.pt,0.4,1280,2026-06-03T15:58:02
TCM027,TCM027_2,5,0,0,0,5,green,yolo26n.pt,0.4,1280,2026-06-03T15:58:02
TCM027,TCM027_3,1,0,0,0,1,green,yolo26n.pt,0.4,1280,2026-06-03T15:58:02
TCM028,TCM028_0,4,0,2,0,6,yellow,yolo26n.pt,0.4,1280,2026-06-03T15:58:02
TCM028,TCM028_1,6,0,1,0,7,yellow,yolo26n.pt,0.4,1280,2026-06-03T15:58:03
TCM028,TCM028_2,19,0,0,0,19,red,yolo26n.pt,0.4,1280,2026-06-03T15:58:03
TCM028,TCM028_3,5,0,0,0,5,green,yolo26n.pt,0.4,1280,2026-06-03T15:58:03
TCM029,TCM029_0,19,0,1,0,20,red,yolo26n.pt,0.4,1280,2026-06-03T15:58:03
TCM029,TCM029_1,15,0,0,0,15,yellow,yolo26n.pt,0.4,1280,2026-06-03T15:58:04
TCM029,TCM029_2,16,0,1,0,17,red,yolo26n.pt,0.4,1280,2026-06-03T15:58:04
TCM029,TCM029_3,9,0,0,0,9,yellow,yolo26n.pt,0.4,1280,2026-06-03T15:58:04
TCM030,TCM030_0,5,1,0,0,6,yellow,yolo26n.pt,0.4,1280,2026-06-03T15:58:04
TCM030,TCM030_1,5,0,0,0,5,green,yolo26n.pt,0.4,1280,2026-06-03T15:58:05
TCM030,TCM030_2,5,0,0,0,5,green,yolo26n.pt,0.4,1280,2026-06-03T15:58:05
TCM030,TCM030_3,8,0,1,0,9,yellow,yolo26n.pt,0.4,1280,2026-06-03T15:58:05
TCM031,TCM031_0,5,0,0,0,5,green,yolo26n.pt,0.4,1280,2026-06-03T15:58:06
TCM031,TCM031_1,11,1,0,0,12,yellow,yolo26n.pt,0.4,1280,2026-06-03T15:58:06
TCM031,TCM031_2,7,0,0,0,7,yellow,yolo26n.pt,0.4,1280,2026-06-03T15:58:06
TCM031,TCM031_3,6,0,0,0,6,yellow,yolo26n.pt,0.4,1280,2026-06-03T15:58:06
TCM032,TCM032_0,3,0,0,0,3,green,yolo26n.pt,0.4,1280,2026-06-03T15:58:07
TCM032,TCM032_1,3,0,0,0,3,green,yolo26n.pt,0.4,1280,2026-06-03T15:58:07
TCM032,TCM032_2,3,0,1,0,4,green,yolo26n.pt,0.4,1280,2026-06-03T15:58:07
TCM032,TCM032_3,7,0,0,0,7,yellow,yolo26n.pt,0.4,1280,2026-06-03T15:58:07
TCM033,TCM033_0,1,0,0,0,1,green,yolo26n.pt,0.4,1280,2026-06-03T15:58:08
TCM033,TCM033_1,8,1,0,0,9,yellow,yolo26n.pt,0.4,1280,2026-06-03T15:58:08
TCM033,TCM033_2,2,0,0,0,2,green,yolo26n.pt,0.4,1280,2026-06-03T15:58:08
TCM033,TCM033_3,5,2,0,0,7,yellow,yolo26n.pt,0.4,1280,2026-06-03T15:58:08
TCM034,TCM034_0,4,0,0,0,4,green,yolo26n.pt,0.4,1280,2026-06-03T15:58:09
TCM034,TCM034_1,8,0,1,0,9,yellow,yolo26n.pt,0.4,1280,2026-06-03T15:58:09
TCM034,TCM034_2,9,0,0,0,9,yellow,yolo26n.pt,0.4,1280,2026-06-03T15:58:09
TCM034,TCM034_3,6,0,0,0,6,yellow,yolo26n.pt,0.4,1280,2026-06-03T15:58:09
TCM035,TCM035_0,3,0,0,0,3,green,yolo26n.pt,0.4,1280,2026-06-03T15:58:10
TCM035,TCM035_1,3,0,0,0,3,green,yolo26n.pt,0.4,1280,2026-06-03T15:58:10
TCM035,TCM035_2,9,0,0,0,9,yellow,yolo26n.pt,0.4,1280,2026-06-03T15:58:10
TCM035,TCM035_3,2,0,0,0,2,green,yolo26n.pt,0.4,1280,2026-06-03T15:58:10
TCM036,TCM036_0,5,0,1,0,6,yellow,yolo26n.pt,0.4,1280,2026-06-03T15:58:11
TCM036,TCM036_1,5,0,0,0,5,green,yolo26n.pt,0.4,1280,2026-06-03T15:58:11
TCM036,TCM036_2,9,0,1,0,10,yellow,yolo26n.pt,0.4,1280,2026-06-03T15:58:11
TCM036,TCM036_3,17,0,0,0,17,red,yolo26n.pt,0.4,1280,2026-06-03T15:58:12
TCM037,TCM037_0,7,1,1,0,9,yellow,yolo26n.pt,0.4,1280,2026-06-03T15:58:12
TCM037,TCM037_1,8,0,0,0,8,yellow,yolo26n.pt,0.4,1280,2026-06-03T15:58:12
TCM037,TCM037_2,3,0,0,0,3,green,yolo26n.pt,0.4,1280,2026-06-03T15:58:12
TCM037,TCM037_3,15,0,1,0,16,red,yolo26n.pt,0.4,1280,2026-06-03T15:58:13
TCM038,TCM038_0,9,0,0,0,9,yellow,yolo26n.pt,0.4,1280,2026-06-03T15:58:13
TCM038,TCM038_1,3,0,0,0,3,green,yolo26n.pt,0.4,1280,2026-06-03T15:58:13
TCM038,TCM038_2,12,0,0,0,12,yellow,yolo26n.pt,0.4,1280,2026-06-03T15:58:13
TCM038,TCM038_3,11,0,0,1,12,yellow,yolo26n.pt,0.4,1280,2026-06-03T15:58:14
TCM039,TCM039_0,1,0,0,0,1,green,yolo26n.pt,0.4,1280,2026-06-03T15:58:14
TCM039,TCM039_1,8,0,0,0,8,yellow,yolo26n.pt,0.4,1280,2026-06-03T15:58:14
TCM039,TCM039_2,5,0,0,0,5,green,yolo26n.pt,0.4,1280,2026-06-03T15:58:14
TCM039,TCM039_3,5,0,0,0,5,green,yolo26n.pt,0.4,1280,2026-06-03T15:58:15
TCM040,TCM040_0,3,0,0,0,3,green,yolo26n.pt,0.4,1280,2026-06-03T15:58:15
TCM040,TCM040_1,8,0,0,0,8,yellow,yolo26n.pt,0.4,1280,2026-06-03T15:58:15
TCM040,TCM040_2,0,0,0,0,0,green,yolo26n.pt,0.4,1280,2026-06-03T15:58:16
TCM040,TCM040_3,5,0,0,0,5,green,yolo26n.pt,0.4,1280,2026-06-03T15:58:16
TCM041,TCM041_0,10,0,1,0,11,yellow,yolo26n.pt,0.4,1280,2026-06-03T15:58:16
TCM041,TCM041_1,6,0,2,0,8,yellow,yolo26n.pt,0.4,1280,2026-06-03T15:58:16
TCM041,TCM041_2,12,0,1,0,13,yellow,yolo26n.pt,0.4,1280,2026-06-03T15:58:16
TCM041,TCM041_3,8,0,0,0,8,yellow,yolo26n.pt,0.4,1280,2026-06-03T15:58:17
TCM042,TCM042_0,5,0,2,0,7,yellow,yolo26n.pt,0.4,1280,2026-06-03T15:58:17
TCM042,TCM042_1,12,0,0,0,12,yellow,yolo26n.pt,0.4,1280,2026-06-03T15:58:17
TCM042,TCM042_2,13,0,1,0,14,yellow,yolo26n.pt,0.4,1280,2026-06-03T15:58:18
TCM042,TCM042_3,11,0,1,0,12,yellow,yolo26n.pt,0.4,1280,2026-06-03T15:58:18
TCM043,TCM043_0,5,0,0,0,5,green,yolo26n.pt,0.4,1280,2026-06-03T15:58:18
TCM043,TCM043_1,7,0,0,0,7,yellow,yolo26n.pt,0.4,1280,2026-06-03T15:58:19
TCM043,TCM043_2,8,0,0,0,8,yellow,yolo26n.pt,0.4,1280,2026-06-03T15:58:19
TCM043,TCM043_3,15,1,1,0,17,red,yolo26n.pt,0.4,1280,2026-06-03T15:58:19
TCM044,TCM044_0,6,0,0,0,6,yellow,yolo26n.pt,0.4,1280,2026-06-03T15:58:19
TCM044,TCM044_1,0,0,0,1,1,green,yolo26n.pt,0.4,1280,2026-06-03T15:58:19
TCM044,TCM044_2,2,0,0,0,2,green,yolo26n.pt,0.4,1280,2026-06-03T15:58:20
TCM044,TCM044_3,1,0,0,0,1,green,yolo26n.pt,0.4,1280,2026-06-03T15:58:20
TCM045,TCM045_0,10,1,0,0,11,yellow,yolo26n.pt,0.4,1280,2026-06-03T15:58:20
TCM045,TCM045_1,9,1,0,0,10,yellow,yolo26n.pt,0.4,1280,2026-06-03T15:58:20
TCM045,TCM045_2,3,0,0,0,3,green,yolo26n.pt,0.4,1280,2026-06-03T15:58:21
TCM045,TCM045_3,15,1,0,0,16,red,yolo26n.pt,0.4,1280,2026-06-03T15:58:21
TCM046,TCM046_0,2,0,0,0,2,green,yolo26n.pt,0.4,1280,2026-06-03T15:58:21
TCM046,TCM046_1,1,0,0,0,1,green,yolo26n.pt,0.4,1280,2026-06-03T15:58:21
TCM046,TCM046_2,1,0,0,0,1,green,yolo26n.pt,0.4,1280,2026-06-03T15:58:22
TCM046,TCM046_3,2,0,0,0,2,green,yolo26n.pt,0.4,1280,2026-06-03T15:58:22
TCM047,TCM047_0,7,0,0,0,7,yellow,yolo26n.pt,0.4,1280,2026-06-03T15:58:22
TCM047,TCM047_1,9,0,0,0,9,yellow,yolo26n.pt,0.4,1280,2026-06-03T15:58:23
TCM047,TCM047_2,2,0,0,0,2,green,yolo26n.pt,0.4,1280,2026-06-03T15:58:23
TCM047,TCM047_3,3,0,0,0,3,green,yolo26n.pt,0.4,1280,2026-06-03T15:58:23
TCM048,TCM048_0,8,0,1,0,9,yellow,yolo26n.pt,0.4,1280,2026-06-03T15:58:23
TCM048,TCM048_1,5,0,0,0,5,green,yolo26n.pt,0.4,1280,2026-06-03T15:58:24
TCM048,TCM048_2,9,0,0,0,9,yellow,yolo26n.pt,0.4,1280,2026-06-03T15:58:24
TCM048,TCM048_3,6,0,1,0,7,yellow,yolo26n.pt,0.4,1280,2026-06-03T15:58:24
TCM049,TCM049_0,5,0,1,0,6,yellow,yolo26n.pt,0.4,1280,2026-06-03T15:58:24
TCM049,TCM049_1,4,0,1,0,5,green,yolo26n.pt,0.4,1280,2026-06-03T15:58:25
TCM049,TCM049_2,7,0,0,0,7,yellow,yolo26n.pt,0.4,1280,2026-06-03T15:58:25
TCM049,TCM049_3,9,0,1,0,10,yellow,yolo26n.pt,0.4,1280,2026-06-03T15:58:25
TCM050,TCM050_0,5,0,0,0,5,green,yolo26n.pt,0.4,1280,2026-06-03T15:58:25
TCM050,TCM050_1,2,0,0,0,2,green,yolo26n.pt,0.4,1280,2026-06-03T15:58:26
TCM050,TCM050_2,0,0,0,0,0,green,yolo26n.pt,0.4,1280,2026-06-03T15:58:26
TCM050,TCM050_3,3,0,0,0,3,green,yolo26n.pt,0.4,1280,2026-06-03T15:58:26
TCM051,TCM051_0,8,0,0,0,8,yellow,yolo26n.pt,0.4,1280,2026-06-03T15:58:26
TCM051,TCM051_1,12,0,0,0,12,yellow,yolo26n.pt,0.4,1280,2026-06-03T15:58:27
TCM051,TCM051_2,8,0,1,0,9,yellow,yolo26n.pt,0.4,1280,2026-06-03T15:58:27
TCM051,TCM051_3,6,0,1,0,7,yellow,yolo26n.pt,0.4,1280,2026-06-03T15:58:27
TCM052,TCM052_0,12,0,0,0,12,yellow,yolo26n.pt,0.4,1280,2026-06-03T15:58:27
TCM052,TCM052_1,5,0,0,0,5,green,yolo26n.pt,0.4,1280,2026-06-03T15:58:28
TCM052,TCM052_2,6,0,0,0,6,yellow,yolo26n.pt,0.4,1280,2026-06-03T15:58:28
TCM053,TCM053_0,2,0,0,0,2,green,yolo26n.pt,0.4,1280,2026-06-03T15:58:28
TCM053,TCM053_1,4,0,0,0,4,green,yolo26n.pt,0.4,1280,2026-06-03T15:58:28
TCM054,TCM054_0,1,1,0,0,2,green,yolo26n.pt,0.4,1280,2026-06-03T15:58:29
TCM054,TCM054_1,1,0,0,0,1,green,yolo26n.pt,0.4,1280,2026-06-03T15:58:29
TCM054,TCM054_2,0,0,1,0,1,green,yolo26n.pt,0.4,1280,2026-06-03T15:58:29
TCM054,TCM054_3,8,0,0,0,8,yellow,yolo26n.pt,0.4,1280,2026-06-03T15:58:30
TCM055,TCM055_0,7,0,0,0,7,yellow,yolo26n.pt,0.4,1280,2026-06-03T15:58:30
TCM055,TCM055_1,9,0,0,0,9,yellow,yolo26n.pt,0.4,1280,2026-06-03T15:58:30
TCM055,TCM055_2,8,0,0,0,8,yellow,yolo26n.pt,0.4,1280,2026-06-03T15:58:30
TCM055,TCM055_3,9,0,0,0,9,yellow,yolo26n.pt,0.4,1280,2026-06-03T15:58:31
TCM056,TCM056_0,0,0,0,0,0,green,yolo26n.pt,0.4,1280,2026-06-03T15:58:31
TCM056,TCM056_1,7,0,0,0,7,yellow,yolo26n.pt,0.4,1280,2026-06-03T15:58:31
TCM056,TCM056_2,0,0,0,0,0,green,yolo26n.pt,0.4,1280,2026-06-03T15:58:31
TCM056,TCM056_3,5,0,0,0,5,green,yolo26n.pt,0.4,1280,2026-06-03T15:58:32
TCM057,TCM057_0,5,0,0,0,5,green,yolo26n.pt,0.4,1280,2026-06-03T15:58:32
TCM057,TCM057_1,6,0,0,0,6,yellow,yolo26n.pt,0.4,1280,2026-06-03T15:58:32
TCM057,TCM057_2,6,0,0,0,6,yellow,yolo26n.pt,0.4,1280,2026-06-03T15:58:32
TCM057,TCM057_3,3,0,3,0,6,yellow,yolo26n.pt,0.4,1280,2026-06-03T15:58:33
TCM058,TCM058_0,3,0,0,0,3,green,yolo26n.pt,0.4,1280,2026-06-03T15:58:33
TCM058,TCM058_1,5,0,0,0,5,green,yolo26n.pt,0.4,1280,2026-06-03T15:58:33
TCM058,TCM058_2,4,0,0,0,4,green,yolo26n.pt,0.4,1280,2026-06-03T15:58:33
TCM058,TCM058_3,0,0,0,0,0,green,yolo26n.pt,0.4,1280,2026-06-03T15:58:34
TCM059,TCM059_0,7,0,2,0,9,yellow,yolo26n.pt,0.4,1280,2026-06-03T15:58:34
TCM059,TCM059_1,6,0,0,0,6,yellow,yolo26n.pt,0.4,1280,2026-06-03T15:58:34
TCM059,TCM059_2,19,1,3,0,23,red,yolo26n.pt,0.4,1280,2026-06-03T15:58:34
TCM059,TCM059_3,7,0,0,0,7,yellow,yolo26n.pt,0.4,1280,2026-06-03T15:58:35
TCM060,TCM060_0,2,0,0,0,2,green,yolo26n.pt,0.4,1280,2026-06-03T15:58:35
TCM060,TCM060_1,1,0,0,0,1,green,yolo26n.pt,0.4,1280,2026-06-03T15:58:35
TCM060,TCM060_2,3,0,0,0,3,green,yolo26n.pt,0.4,1280,2026-06-03T15:58:36
TCM060,TCM060_3,4,0,0,0,4,green,yolo26n.pt,0.4,1280,2026-06-03T15:58:36
TCM061,TCM061_0,19,0,0,0,19,red,yolo26n.pt,0.4,1280,2026-06-03T15:58:36
TCM061,TCM061_1,12,0,0,0,12,yellow,yolo26n.pt,0.4,1280,2026-06-03T15:58:36
TCM061,TCM061_2,4,0,0,0,4,green,yolo26n.pt,0.4,1280,2026-06-03T15:58:37
TCM061,TCM061_3,11,0,0,0,11,yellow,yolo26n.pt,0.4,1280,2026-06-03T15:58:37
TCM062,TCM062_0,0,0,1,0,1,green,yolo26n.pt,0.4,1280,2026-06-03T15:58:37
TCM062,TCM062_1,0,0,0,0,0,green,yolo26n.pt,0.4,1280,2026-06-03T15:58:37
TCM062,TCM062_2,6,0,0,0,6,yellow,yolo26n.pt,0.4,1280,2026-06-03T15:58:38
TCM063,TCM063_0,6,0,0,0,6,yellow,yolo26n.pt,0.4,1280,2026-06-03T15:58:38
TCM063,TCM063_1,14,0,0,0,14,yellow,yolo26n.pt,0.4,1280,2026-06-03T15:58:38
TCM063,TCM063_2,2,0,0,0,2,green,yolo26n.pt,0.4,1280,2026-06-03T15:58:38
TCM063,TCM063_3,16,0,0,0,16,red,yolo26n.pt,0.4,1280,2026-06-03T15:58:39
TCM064,TCM064_0,7,0,0,0,7,yellow,yolo26n.pt,0.4,1280,2026-06-03T15:58:39
TCM064,TCM064_1,7,0,0,0,7,yellow,yolo26n.pt,0.4,1280,2026-06-03T15:58:39
TCM064,TCM064_2,4,0,1,0,5,green,yolo26n.pt,0.4,1280,2026-06-03T15:58:39
TCM065,TCM065_0,2,0,0,0,2,green,yolo26n.pt,0.4,1280,2026-06-03T15:58:40
TCM065,TCM065_1,1,0,0,0,1,green,yolo26n.pt,0.4,1280,2026-06-03T15:58:40
TCM065,TCM065_2,7,0,0,0,7,yellow,yolo26n.pt,0.4,1280,2026-06-03T15:58:40
TCM066,TCM066_0,3,0,0,0,3,green,yolo26n.pt,0.4,1280,2026-06-03T15:58:41
TCM066,TCM066_1,5,0,1,0,6,yellow,yolo26n.pt,0.4,1280,2026-06-03T15:58:41
TCM066,TCM066_2,5,0,0,0,5,green,yolo26n.pt,0.4,1280,2026-06-03T15:58:41
TCM067,TCM067_0,9,0,0,0,9,yellow,yolo26n.pt,0.4,1280,2026-06-03T15:58:41
TCM067,TCM067_1,12,0,0,0,12,yellow,yolo26n.pt,0.4,1280,2026-06-03T15:58:42
TCM067,TCM067_2,11,0,0,0,11,yellow,yolo26n.pt,0.4,1280,2026-06-03T15:58:42
TCM067,TCM067_3,11,0,2,0,13,yellow,yolo26n.pt,0.4,1280,2026-06-03T15:58:42
TCM068,TCM068_0,0,0,0,0,0,green,yolo26n.pt,0.4,1280,2026-06-03T15:58:42
TCM068,TCM068_1,5,0,0,0,5,green,yolo26n.pt,0.4,1280,2026-06-03T15:58:43
TCM068,TCM068_2,4,0,0,0,4,green,yolo26n.pt,0.4,1280,2026-06-03T15:58:43
TCM068,TCM068_3,8,0,1,0,9,yellow,yolo26n.pt,0.4,1280,2026-06-03T15:58:43
TCM069,TCM069_0,0,0,0,0,0,green,yolo26n.pt,0.4,1280,2026-06-03T15:58:43
TCM069,TCM069_1,4,1,0,0,5,green,yolo26n.pt,0.4,1280,2026-06-03T15:58:44
TCM069,TCM069_2,0,0,0,0,0,green,yolo26n.pt,0.4,1280,2026-06-03T15:58:44
TCM070,TCM070_0,5,0,0,0,5,green,yolo26n.pt,0.4,1280,2026-06-03T15:58:44
TCM070,TCM070_1,3,0,0,0,3,green,yolo26n.pt,0.4,1280,2026-06-03T15:58:44
TCM070,TCM070_2,1,0,0,0,1,green,yolo26n.pt,0.4,1280,2026-06-03T15:58:45
TCM071,TCM071_0,0,0,0,0,0,green,yolo26n.pt,0.4,1280,2026-06-03T15:58:45
TCM071,TCM071_1,0,0,0,0,0,green,yolo26n.pt,0.4,1280,2026-06-03T15:58:45
TCM071,TCM071_2,7,0,0,0,7,yellow,yolo26n.pt,0.4,1280,2026-06-03T15:58:46
TCM071,TCM071_3,0,0,0,0,0,green,yolo26n.pt,0.4,1280,2026-06-03T15:58:46
TCM072,TCM072_0,1,0,0,0,1,green,yolo26n.pt,0.4,1280,2026-06-03T15:58:46
TCM072,TCM072_1,9,0,0,0,9,yellow,yolo26n.pt,0.4,1280,2026-06-03T15:58:46
TCM072,TCM072_2,5,0,0,0,5,green,yolo26n.pt,0.4,1280,2026-06-03T15:58:47
TCM072,TCM072_3,0,0,0,0,0,green,yolo26n.pt,0.4,1280,2026-06-03T15:58:47
TCM073,TCM073_0,4,0,0,0,4,green,yolo26n.pt,0.4,1280,2026-06-03T15:58:47
TCM073,TCM073_1,6,0,0,0,6,yellow,yolo26n.pt,0.4,1280,2026-06-03T15:58:47
TCM073,TCM073_2,0,0,0,0,0,green,yolo26n.pt,0.4,1280,2026-06-03T15:58:48
TCM073,TCM073_3,9,0,0,0,9,yellow,yolo26n.pt,0.4,1280,2026-06-03T15:58:48
TCM074,TCM074_0,9,0,0,0,9,yellow,yolo26n.pt,0.4,1280,2026-06-03T15:58:48
TCM074,TCM074_1,3,1,0,0,4,green,yolo26n.pt,0.4,1280,2026-06-03T15:58:48
TCM074,TCM074_2,6,0,2,0,8,yellow,yolo26n.pt,0.4,1280,2026-06-03T15:58:49
TCM074,TCM074_3,6,0,1,0,7,yellow,yolo26n.pt,0.4,1280,2026-06-03T15:58:49
TCM075,TCM075_0,13,0,0,0,13,yellow,yolo26n.pt,0.4,1280,2026-06-03T15:58:49
TCM075,TCM075_1,4,0,0,0,4,green,yolo26n.pt,0.4,1280,2026-06-03T15:58:49
TCM075,TCM075_2,12,0,0,0,12,yellow,yolo26n.pt,0.4,1280,2026-06-03T15:58:50
TCM075,TCM075_3,10,0,0,0,10,yellow,yolo26n.pt,0.4,1280,2026-06-03T15:58:50
TCM076,TCM076_0,4,0,0,0,4,green,yolo26n.pt,0.4,1280,2026-06-03T15:58:50
TCM076,TCM076_1,2,0,0,0,2,green,yolo26n.pt,0.4,1280,2026-06-03T15:58:50
TCM076,TCM076_2,5,1,0,0,6,yellow,yolo26n.pt,0.4,1280,2026-06-03T15:58:51
TCM076,TCM076_3,2,0,2,0,4,green,yolo26n.pt,0.4,1280,2026-06-03T15:58:51
TCM077,TCM077_0,0,0,0,0,0,green,yolo26n.pt,0.4,1280,2026-06-03T15:58:51
TCM077,TCM077_1,0,0,0,0,0,green,yolo26n.pt,0.4,1280,2026-06-03T15:58:52
TCM077,TCM077_2,0,0,0,0,0,green,yolo26n.pt,0.4,1280,2026-06-03T15:58:52
TCM077,TCM077_3,0,0,0,0,0,green,yolo26n.pt,0.4,1280,2026-06-03T15:58:52
TCM078,TCM078_0,11,0,0,0,11,yellow,yolo26n.pt,0.4,1280,2026-06-03T15:58:52
TCM078,TCM078_1,5,0,0,0,5,green,yolo26n.pt,0.4,1280,2026-06-03T15:58:53
TCM078,TCM078_2,8,0,0,0,8,yellow,yolo26n.pt,0.4,1280,2026-06-03T15:58:53
TCM078,TCM078_3,4,0,0,0,4,green,yolo26n.pt,0.4,1280,2026-06-03T15:58:53
TCM079,TCM079_0,9,0,1,0,10,yellow,yolo26n.pt,0.4,1280,2026-06-03T15:58:53
TCM079,TCM079_1,0,0,0,0,0,green,yolo26n.pt,0.4,1280,2026-06-03T15:58:54
TCM079,TCM079_2,7,0,1,0,8,yellow,yolo26n.pt,0.4,1280,2026-06-03T15:58:54
TCM080,TCM080_0,15,0,0,0,15,yellow,yolo26n.pt,0.4,1280,2026-06-03T15:58:54
TCM080,TCM080_1,7,0,2,0,9,yellow,yolo26n.pt,0.4,1280,2026-06-03T15:58:54
TCM080,TCM080_2,11,0,2,0,13,yellow,yolo26n.pt,0.4,1280,2026-06-03T15:58:55
TCM080,TCM080_3,15,0,2,0,17,red,yolo26n.pt,0.4,1280,2026-06-03T15:58:55
TCM081,TCM081_0,0,0,1,0,1,green,yolo26n.pt,0.4,1280,2026-06-03T15:58:55
TCM081,TCM081_1,0,0,0,0,0,green,yolo26n.pt,0.4,1280,2026-06-03T15:58:55
TCM081,TCM081_2,4,0,0,0,4,green,yolo26n.pt,0.4,1280,2026-06-03T15:58:56
TCM082,TCM082_0,4,0,0,0,4,green,yolo26n.pt,0.4,1280,2026-06-03T15:58:56
TCM083,TCM083_0,9,0,1,0,10,yellow,yolo26n.pt,0.4,1280,2026-06-03T15:58:56
TCM083,TCM083_1,6,0,2,0,8,yellow,yolo26n.pt,0.4,1280,2026-06-03T15:58:56
TCM083,TCM083_2,3,0,0,0,3,green,yolo26n.pt,0.4,1280,2026-06-03T15:58:56
TCM083,TCM083_3,3,0,0,0,3,green,yolo26n.pt,0.4,1280,2026-06-03T15:58:57
TCM084,TCM084_0,0,0,2,0,2,green,yolo26n.pt,0.4,1280,2026-06-03T15:58:57
TCM084,TCM084_1,5,0,0,0,5,green,yolo26n.pt,0.4,1280,2026-06-03T15:58:57
TCM084,TCM084_2,8,0,0,0,8,yellow,yolo26n.pt,0.4,1280,2026-06-03T15:58:58
TCM084,TCM084_3,7,0,0,0,7,yellow,yolo26n.pt,0.4,1280,2026-06-03T15:58:58
TCM085,TCM085_0,1,0,0,0,1,green,yolo26n.pt,0.4,1280,2026-06-03T15:58:58
TCM085,TCM085_1,7,0,2,0,9,yellow,yolo26n.pt,0.4,1280,2026-06-03T15:58:58
TCM085,TCM085_2,5,0,0,0,5,green,yolo26n.pt,0.4,1280,2026-06-03T15:58:59
TCM085,TCM085_3,3,0,0,0,3,green,yolo26n.pt,0.4,1280,2026-06-03T15:58:59
TCM086,TCM086_0,0,0,0,0,0,green,yolo26n.pt,0.4,1280,2026-06-03T15:58:59
TCM086,TCM086_1,1,0,0,0,1,green,yolo26n.pt,0.4,1280,2026-06-03T15:58:59
TCM086,TCM086_2,0,0,0,0,0,green,yolo26n.pt,0.4,1280,2026-06-03T15:59:00
TCM086,TCM086_3,4,0,1,0,5,green,yolo26n.pt,0.4,1280,2026-06-03T15:59:00
TCM087,TCM087_0,1,0,0,0,1,green,yolo26n.pt,0.4,1280,2026-06-03T15:59:00
TCM087,TCM087_1,3,0,0,0,3,green,yolo26n.pt,0.4,1280,2026-06-03T15:59:01
TCM087,TCM087_2,2,0,0,0,2,green,yolo26n.pt,0.4,1280,2026-06-03T15:59:01
TCM087,TCM087_3,3,0,0,0,3,green,yolo26n.pt,0.4,1280,2026-06-03T15:59:01
TCM088,TCM088_0,9,0,0,0,9,yellow,yolo26n.pt,0.4,1280,2026-06-03T15:59:01
TCM088,TCM088_1,1,0,1,0,2,green,yolo26n.pt,0.4,1280,2026-06-03T15:59:02
TCM088,TCM088_2,8,0,1,0,9,yellow,yolo26n.pt,0.4,1280,2026-06-03T15:59:02
TCM088,TCM088_3,6,0,0,0,6,yellow,yolo26n.pt,0.4,1280,2026-06-03T15:59:02
TCM089,TCM089_0,14,0,0,0,14,yellow,yolo26n.pt,0.4,1280,2026-06-03T15:59:02
TCM089,TCM089_1,5,0,0,0,5,green,yolo26n.pt,0.4,1280,2026-06-03T15:59:03
TCM089,TCM089_2,11,0,0,0,11,yellow,yolo26n.pt,0.4,1280,2026-06-03T15:59:03
TCM089,TCM089_3,0,0,0,0,0,green,yolo26n.pt,0.4,1280,2026-06-03T15:59:03
TCM090,TCM090_0,16,0,0,0,16,red,yolo26n.pt,0.4,1280,2026-06-03T15:59:04
TCM090,TCM090_1,2,0,0,0,2,green,yolo26n.pt,0.4,1280,2026-06-03T15:59:04
TCM090,TCM090_2,5,0,1,0,6,yellow,yolo26n.pt,0.4,1280,2026-06-03T15:59:04
TCM091,TCM091_0,8,0,0,0,8,yellow,yolo26n.pt,0.4,1280,2026-06-03T15:59:04
TCM091,TCM091_1,3,0,0,0,3,green,yolo26n.pt,0.4,1280,2026-06-03T15:59:05
TCM091,TCM091_2,9,1,0,0,10,yellow,yolo26n.pt,0.4,1280,2026-06-03T15:59:05
TCM091,TCM091_3,0,0,0,0,0,green,yolo26n.pt,0.4,1280,2026-06-03T15:59:05
TCM092,TCM092_0,1,0,1,0,2,green,yolo26n.pt,0.4,1280,2026-06-03T15:59:05
TCM092,TCM092_1,10,0,2,0,12,yellow,yolo26n.pt,0.4,1280,2026-06-03T15:59:05
TCM092,TCM092_2,5,0,0,0,5,green,yolo26n.pt,0.4,1280,2026-06-03T15:59:06
TCM092,TCM092_3,13,0,0,0,13,yellow,yolo26n.pt,0.4,1280,2026-06-03T15:59:06
TCM093,TCM093_0,0,0,0,0,0,green,yolo26n.pt,0.4,1280,2026-06-03T15:59:06
TCM093,TCM093_1,1,0,0,0,1,green,yolo26n.pt,0.4,1280,2026-06-03T15:59:06
TCM093,TCM093_2,10,0,0,0,10,yellow,yolo26n.pt,0.4,1280,2026-06-03T15:59:07
TCM093,TCM093_3,3,0,0,0,3,green,yolo26n.pt,0.4,1280,2026-06-03T15:59:07
TCM094,TCM094_0,4,0,0,0,4,green,yolo26n.pt,0.4,1280,2026-06-03T15:59:07
TCM094,TCM094_1,5,0,0,0,5,green,yolo26n.pt,0.4,1280,2026-06-03T15:59:07
TCM094,TCM094_2,4,0,0,0,4,green,yolo26n.pt,0.4,1280,2026-06-03T15:59:08
TCM095,TCM095_0,3,0,0,0,3,green,yolo26n.pt,0.4,1280,2026-06-03T15:59:08
TCM095,TCM095_1,2,0,0,0,2,green,yolo26n.pt,0.4,1280,2026-06-03T15:59:08
TCM096,TCM096_0,10,0,1,0,11,yellow,yolo26n.pt,0.4,1280,2026-06-03T15:59:09
TCM096,TCM096_1,3,0,0,0,3,green,yolo26n.pt,0.4,1280,2026-06-03T15:59:09
TCM096,TCM096_2,10,0,1,0,11,yellow,yolo26n.pt,0.4,1280,2026-06-03T15:59:09
TCM096,TCM096_3,14,0,0,0,14,yellow,yolo26n.pt,0.4,1280,2026-06-03T15:59:09
TCM097,TCM097_0,12,0,0,0,12,yellow,yolo26n.pt,0.4,1280,2026-06-03T15:59:10
TCM097,TCM097_1,5,0,0,0,5,green,yolo26n.pt,0.4,1280,2026-06-03T15:59:10
TCM097,TCM097_2,4,0,1,0,5,green,yolo26n.pt,0.4,1280,2026-06-03T15:59:10
TCM097,TCM097_3,1,0,0,0,1,green,yolo26n.pt,0.4,1280,2026-06-03T15:59:10
TCM098,TCM098_0,5,0,0,0,5,green,yolo26n.pt,0.4,1280,2026-06-03T15:59:11
TCM098,TCM098_1,8,0,0,0,8,yellow,yolo26n.pt,0.4,1280,2026-06-03T15:59:11
TCM098,TCM098_2,1,0,0,0,1,green,yolo26n.pt,0.4,1280,2026-06-03T15:59:11
TCM098,TCM098_3,16,0,0,0,16,red,yolo26n.pt,0.4,1280,2026-06-03T15:59:11
TCM099,TCM099_0,3,1,0,0,4,green,yolo26n.pt,0.4,1280,2026-06-03T15:59:12
TCM099,TCM099_1,2,0,0,0,2,green,yolo26n.pt,0.4,1280,2026-06-03T15:59:12
TCM099,TCM099_2,7,0,1,0,8,yellow,yolo26n.pt,0.4,1280,2026-06-03T15:59:12
TCM099,TCM099_3,0,0,0,0,0,green,yolo26n.pt,0.4,1280,2026-06-03T15:59:12
TCM100,TCM100_0,9,0,0,0,9,yellow,yolo26n.pt,0.4,1280,2026-06-03T15:59:12
TCM100,TCM100_1,1,0,0,0,1,green,yolo26n.pt,0.4,1280,2026-06-03T15:59:13
TCM100,TCM100_2,11,0,0,0,11,yellow,yolo26n.pt,0.4,1280,2026-06-03T15:59:13
TCM101,TCM101_0,6,0,0,0,6,yellow,yolo26n.pt,0.4,1280,2026-06-03T15:59:13
TCM101,TCM101_1,10,0,1,0,11,yellow,yolo26n.pt,0.4,1280,2026-06-03T15:59:13
TCM101,TCM101_2,8,0,1,0,9,yellow,yolo26n.pt,0.4,1280,2026-06-03T15:59:14
TCM101,TCM101_3,5,0,0,0,5,green,yolo26n.pt,0.4,1280,2026-06-03T15:59:14
TCM102,TCM102_0,9,0,1,0,10,yellow,yolo26n.pt,0.4,1280,2026-06-03T15:59:14
TCM102,TCM102_1,8,1,1,0,10,yellow,yolo26n.pt,0.4,1280,2026-06-03T15:59:14
TCM102,TCM102_2,8,0,0,0,8,yellow,yolo26n.pt,0.4,1280,2026-06-03T15:59:15
TCM102,TCM102_3,1,0,0,0,1,green,yolo26n.pt,0.4,1280,2026-06-03T15:59:15
TCM103,TCM103_0,4,0,0,0,4,green,yolo26n.pt,0.4,1280,2026-06-03T15:59:15
TCM103,TCM103_1,5,1,0,0,6,yellow,yolo26n.pt,0.4,1280,2026-06-03T15:59:15
TCM103,TCM103_2,0,0,0,0,0,green,yolo26n.pt,0.4,1280,2026-06-03T15:59:16
TCM103,TCM103_3,1,0,0,0,1,green,yolo26n.pt,0.4,1280,2026-06-03T15:59:16
TCM104,TCM104_0,4,0,0,0,4,green,yolo26n.pt,0.4,1280,2026-06-03T15:59:16
TCM104,TCM104_1,7,0,0,0,7,yellow,yolo26n.pt,0.4,1280,2026-06-03T15:59:16
TCM104,TCM104_2,0,0,0,0,0,green,yolo26n.pt,0.4,1280,2026-06-03T15:59:17
TCM104,TCM104_3,13,0,0,0,13,yellow,yolo26n.pt,0.4,1280,2026-06-03T15:59:17
TCM105,TCM105_0,4,0,0,0,4,green,yolo26n.pt,0.4,1280,2026-06-03T15:59:17
TCM105,TCM105_1,5,0,0,0,5,green,yolo26n.pt,0.4,1280,2026-06-03T15:59:17
TCM105,TCM105_2,5,0,0,0,5,green,yolo26n.pt,0.4,1280,2026-06-03T15:59:18
TCM105,TCM105_3,5,0,1,0,6,yellow,yolo26n.pt,0.4,1280,2026-06-03T15:59:18
TCM106,TCM106_0,0,0,0,0,0,green,yolo26n.pt,0.4,1280,2026-06-03T15:59:18
TCM106,TCM106_1,0,0,0,0,0,green,yolo26n.pt,0.4,1280,2026-06-03T15:59:18
TCM106,TCM106_2,0,0,0,0,0,green,yolo26n.pt,0.4,1280,2026-06-03T15:59:18
TCM106,TCM106_3,0,0,0,0,0,green,yolo26n.pt,0.4,1280,2026-06-03T15:59:19
TCM107,TCM107_0,10,0,0,0,10,yellow,yolo26n.pt,0.4,1280,2026-06-03T15:59:19
TCM107,TCM107_1,6,0,0,0,6,yellow,yolo26n.pt,0.4,1280,2026-06-03T15:59:19
TCM107,TCM107_2,12,0,1,0,13,yellow,yolo26n.pt,0.4,1280,2026-06-03T15:59:20
TCM107,TCM107_3,4,0,1,0,5,green,yolo26n.pt,0.4,1280,2026-06-03T15:59:20
TCM108,TCM108_0,9,0,0,0,9,yellow,yolo26n.pt,0.4,1280,2026-06-03T15:59:20
TCM108,TCM108_1,4,0,0,0,4,green,yolo26n.pt,0.4,1280,2026-06-03T15:59:20
TCM108,TCM108_2,9,0,0,0,9,yellow,yolo26n.pt,0.4,1280,2026-06-03T15:59:21
TCM108,TCM108_3,5,1,0,0,6,yellow,yolo26n.pt,0.4,1280,2026-06-03T15:59:21
TCM109,TCM109_0,9,0,0,0,9,yellow,yolo26n.pt,0.4,1280,2026-06-03T15:59:21
TCM109,TCM109_1,1,0,0,0,1,green,yolo26n.pt,0.4,1280,2026-06-03T15:59:21
TCM109,TCM109_2,6,0,0,0,6,yellow,yolo26n.pt,0.4,1280,2026-06-03T15:59:22
TCM109,TCM109_3,0,0,0,0,0,green,yolo26n.pt,0.4,1280,2026-06-03T15:59:22
TCM110,TCM110_0,11,0,0,0,11,yellow,yolo26n.pt,0.4,1280,2026-06-03T15:59:22
TCM110,TCM110_1,6,0,0,0,6,yellow,yolo26n.pt,0.4,1280,2026-06-03T15:59:22
TCM110,TCM110_2,7,0,0,0,7,yellow,yolo26n.pt,0.4,1280,2026-06-03T15:59:22
TCM110,TCM110_3,5,0,1,0,6,yellow,yolo26n.pt,0.4,1280,2026-06-03T15:59:23
TCM111,TCM111_0,7,0,0,0,7,yellow,yolo26n.pt,0.4,1280,2026-06-03T15:59:23
TCM111,TCM111_1,5,0,0,0,5,green,yolo26n.pt,0.4,1280,2026-06-03T15:59:23
TCM111,TCM111_2,6,0,1,0,7,yellow,yolo26n.pt,0.4,1280,2026-06-03T15:59:23
TCM111,TCM111_3,1,0,0,0,1,green,yolo26n.pt,0.4,1280,2026-06-03T15:59:23
TCM112,TCM112_0,6,1,1,0,8,yellow,yolo26n.pt,0.4,1280,2026-06-03T15:59:24
TCM112,TCM112_1,1,0,0,0,1,green,yolo26n.pt,0.4,1280,2026-06-03T15:59:24
TCM112,TCM112_2,7,0,0,0,7,yellow,yolo26n.pt,0.4,1280,2026-06-03T15:59:24
TCM112,TCM112_3,7,0,0,0,7,yellow,yolo26n.pt,0.4,1280,2026-06-03T15:59:24
TCM113,TCM113_0,14,0,0,0,14,yellow,yolo26n.pt,0.4,1280,2026-06-03T15:59:25
TCM113,TCM113_1,0,0,0,0,0,green,yolo26n.pt,0.4,1280,2026-06-03T15:59:25
TCM113,TCM113_2,2,0,0,0,2,green,yolo26n.pt,0.4,1280,2026-06-03T15:59:25
TCM113,TCM113_3,2,0,0,0,2,green,yolo26n.pt,0.4,1280,2026-06-03T15:59:25
TCM114,TCM114_0,3,0,1,0,4,green,yolo26n.pt,0.4,1280,2026-06-03T15:59:26
TCM114,TCM114_1,12,0,1,0,13,yellow,yolo26n.pt,0.4,1280,2026-06-03T15:59:26
TCM114,TCM114_2,6,0,0,0,6,yellow,yolo26n.pt,0.4,1280,2026-06-03T15:59:26
TCM114,TCM114_3,15,0,0,0,15,yellow,yolo26n.pt,0.4,1280,2026-06-03T15:59:26
TCM115,TCM115_0,1,0,0,0,1,green,yolo26n.pt,0.4,1280,2026-06-03T15:59:27
TCM115,TCM115_1,13,0,0,0,13,yellow,yolo26n.pt,0.4,1280,2026-06-03T15:59:27
TCM115,TCM115_2,8,0,0,0,8,yellow,yolo26n.pt,0.4,1280,2026-06-03T15:59:27
TCM115,TCM115_3,13,0,1,0,14,yellow,yolo26n.pt,0.4,1280,2026-06-03T15:59:27
TCM116,TCM116_0,12,0,1,0,13,yellow,yolo26n.pt,0.4,1280,2026-06-03T15:59:27
TCM116,TCM116_1,10,0,1,0,11,yellow,yolo26n.pt,0.4,1280,2026-06-03T15:59:28
TCM116,TCM116_2,16,0,0,0,16,red,yolo26n.pt,0.4,1280,2026-06-03T15:59:28
TCM116,TCM116_3,3,0,0,0,3,green,yolo26n.pt,0.4,1280,2026-06-03T15:59:28
TCM117,TCM117_0,2,0,0,0,2,green,yolo26n.pt,0.4,1280,2026-06-03T15:59:28
TCM117,TCM117_1,0,0,0,0,0,green,yolo26n.pt,0.4,1280,2026-06-03T15:59:29
TCM117,TCM117_2,0,0,0,0,0,green,yolo26n.pt,0.4,1280,2026-06-03T15:59:29
TCM117,TCM117_3,2,0,0,0,2,green,yolo26n.pt,0.4,1280,2026-06-03T15:59:29
TCM118,TCM118_0,0,0,0,0,0,green,yolo26n.pt,0.4,1280,2026-06-03T15:59:29
TCM118,TCM118_1,2,0,0,0,2,green,yolo26n.pt,0.4,1280,2026-06-03T15:59:30
TCM118,TCM118_2,2,0,0,0,2,green,yolo26n.pt,0.4,1280,2026-06-03T15:59:30
TCM119,TCM119_0,11,0,0,0,11,yellow,yolo26n.pt,0.4,1280,2026-06-03T15:59:30
TCM119,TCM119_1,12,0,0,0,12,yellow,yolo26n.pt,0.4,1280,2026-06-03T15:59:30
TCM119,TCM119_2,9,0,1,0,10,yellow,yolo26n.pt,0.4,1280,2026-06-03T15:59:31
TCM119,TCM119_3,8,0,0,0,8,yellow,yolo26n.pt,0.4,1280,2026-06-03T15:59:31
TCM120,TCM120_0,14,0,0,0,14,yellow,yolo26n.pt,0.4,1280,2026-06-03T15:59:31
TCM120,TCM120_1,9,0,0,0,9,yellow,yolo26n.pt,0.4,1280,2026-06-03T15:59:31
TCM120,TCM120_2,2,0,0,0,2,green,yolo26n.pt,0.4,1280,2026-06-03T15:59:31
TCM120,TCM120_3,12,0,0,0,12,yellow,yolo26n.pt,0.4,1280,2026-06-03T15:59:32
TCM121,TCM121_0,9,0,1,0,10,yellow,yolo26n.pt,0.4,1280,2026-06-03T15:59:32
TCM121,TCM121_1,10,0,1,0,11,yellow,yolo26n.pt,0.4,1280,2026-06-03T15:59:32
TCM121,TCM121_2,9,0,0,0,9,yellow,yolo26n.pt,0.4,1280,2026-06-03T15:59:32
TCM121,TCM121_3,8,0,0,0,8,yellow,yolo26n.pt,0.4,1280,2026-06-03T15:59:33
TCM122,TCM122_0,10,0,1,0,11,yellow,yolo26n.pt,0.4,1280,2026-06-03T15:59:33
TCM122,TCM122_1,1,0,0,0,1,green,yolo26n.pt,0.4,1280,2026-06-03T15:59:33
TCM122,TCM122_2,2,0,1,0,3,green,yolo26n.pt,0.4,1280,2026-06-03T15:59:33
TCM122,TCM122_3,7,0,1,0,8,yellow,yolo26n.pt,0.4,1280,2026-06-03T15:59:34
TCM123,TCM123_0,12,0,0,0,12,yellow,yolo26n.pt,0.4,1280,2026-06-03T15:59:34
TCM123,TCM123_1,10,0,1,0,11,yellow,yolo26n.pt,0.4,1280,2026-06-03T15:59:34
TCM123,TCM123_2,19,0,1,0,20,red,yolo26n.pt,0.4,1280,2026-06-03T15:59:34
TCM123,TCM123_3,21,0,1,0,22,red,yolo26n.pt,0.4,1280,2026-06-03T15:59:35
TCM124,TCM124_0,9,0,0,0,9,yellow,yolo26n.pt,0.4,1280,2026-06-03T15:59:35
TCM124,TCM124_1,15,0,0,0,15,yellow,yolo26n.pt,0.4,1280,2026-06-03T15:59:35
TCM124,TCM124_2,7,1,0,0,8,yellow,yolo26n.pt,0.4,1280,2026-06-03T15:59:35
TCM124,TCM124_3,14,0,0,0,14,yellow,yolo26n.pt,0.4,1280,2026-06-03T15:59:36
TCM125,TCM125_0,7,0,1,0,8,yellow,yolo26n.pt,0.4,1280,2026-06-03T15:59:36
TCM125,TCM125_1,7,0,0,0,7,yellow,yolo26n.pt,0.4,1280,2026-06-03T15:59:36
TCM125,TCM125_2,9,0,0,0,9,yellow,yolo26n.pt,0.4,1280,2026-06-03T15:59:36
TCM125,TCM125_3,6,0,0,0,6,yellow,yolo26n.pt,0.4,1280,2026-06-03T15:59:36
TCM126,TCM126_0,1,0,1,0,2,green,yolo26n.pt,0.4,1280,2026-06-03T15:59:37
TCM126,TCM126_1,3,0,0,0,3,green,yolo26n.pt,0.4,1280,2026-06-03T15:59:37
TCM126,TCM126_2,3,0,0,0,3,green,yolo26n.pt,0.4,1280,2026-06-03T15:59:37
TCM126,TCM126_3,1,0,0,0,1,green,yolo26n.pt,0.4,1280,2026-06-03T15:59:37
TCM127,TCM127_0,2,0,1,0,3,green,yolo26n.pt,0.4,1280,2026-06-03T15:59:38
TCM127,TCM127_1,3,0,0,0,3,green,yolo26n.pt,0.4,1280,2026-06-03T15:59:38
TCM127,TCM127_2,3,1,0,0,4,green,yolo26n.pt,0.4,1280,2026-06-03T15:59:38
TCM127,TCM127_3,4,0,0,0,4,green,yolo26n.pt,0.4,1280,2026-06-03T15:59:38
TCM128,TCM128_0,12,0,1,0,13,yellow,yolo26n.pt,0.4,1280,2026-06-03T15:59:39
TCM128,TCM128_1,14,1,0,0,15,yellow,yolo26n.pt,0.4,1280,2026-06-03T15:59:39
TCM128,TCM128_2,10,0,0,0,10,yellow,yolo26n.pt,0.4,1280,2026-06-03T15:59:39
TCM128,TCM128_3,2,0,0,0,2,green,yolo26n.pt,0.4,1280,2026-06-03T15:59:39
TCM129,TCM129_0,14,0,1,0,15,yellow,yolo26n.pt,0.4,1280,2026-06-03T15:59:40
TCM129,TCM129_1,4,1,0,0,5,green,yolo26n.pt,0.4,1280,2026-06-03T15:59:40
TCM129,TCM129_2,9,0,0,0,9,yellow,yolo26n.pt,0.4,1280,2026-06-03T15:59:40
TCM129,TCM129_3,4,2,0,0,6,yellow,yolo26n.pt,0.4,1280,2026-06-03T15:59:41
TCM130,TCM130_0,6,0,0,0,6,yellow,yolo26n.pt,0.4,1280,2026-06-03T15:59:41
TCM130,TCM130_1,8,0,0,0,8,yellow,yolo26n.pt,0.4,1280,2026-06-03T15:59:41
TCM130,TCM130_2,13,0,0,0,13,yellow,yolo26n.pt,0.4,1280,2026-06-03T15:59:41
TCM130,TCM130_3,2,0,1,0,3,green,yolo26n.pt,0.4,1280,2026-06-03T15:59:42
TCM131,TCM131_0,1,0,0,0,1,green,yolo26n.pt,0.4,1280,2026-06-03T15:59:42
TCM131,TCM131_1,3,0,0,0,3,green,yolo26n.pt,0.4,1280,2026-06-03T15:59:42
TCM131,TCM131_2,5,0,0,0,5,green,yolo26n.pt,0.4,1280,2026-06-03T15:59:42
TCM131,TCM131_3,4,1,0,0,5,green,yolo26n.pt,0.4,1280,2026-06-03T15:59:42
TCM132,TCM132_0,8,0,0,0,8,yellow,yolo26n.pt,0.4,1280,2026-06-03T15:59:43
TCM132,TCM132_1,11,0,0,1,12,yellow,yolo26n.pt,0.4,1280,2026-06-03T15:59:43
TCM132,TCM132_2,12,0,3,0,15,yellow,yolo26n.pt,0.4,1280,2026-06-03T15:59:43
TCM132,TCM132_3,11,0,0,0,11,yellow,yolo26n.pt,0.4,1280,2026-06-03T15:59:43
TCM133,TCM133_0,3,0,0,0,3,green,yolo26n.pt,0.4,1280,2026-06-03T15:59:44
TCM133,TCM133_1,4,0,0,0,4,green,yolo26n.pt,0.4,1280,2026-06-03T15:59:44
TCM133,TCM133_2,1,0,0,0,1,green,yolo26n.pt,0.4,1280,2026-06-03T15:59:44
TCM133,TCM133_3,6,0,0,0,6,yellow,yolo26n.pt,0.4,1280,2026-06-03T15:59:44
TCM134,TCM134_0,8,0,0,0,8,yellow,yolo26n.pt,0.4,1280,2026-06-03T15:59:44
TCM134,TCM134_1,1,0,0,0,1,green,yolo26n.pt,0.4,1280,2026-06-03T15:59:45
TCM134,TCM134_2,1,0,0,0,1,green,yolo26n.pt,0.4,1280,2026-06-03T15:59:45
TCM134,TCM134_3,5,0,0,0,5,green,yolo26n.pt,0.4,1280,2026-06-03T15:59:45
TCM135,TCM135_0,0,0,0,0,0,green,yolo26n.pt,0.4,1280,2026-06-03T15:59:45
TCM135,TCM135_1,0,0,0,0,0,green,yolo26n.pt,0.4,1280,2026-06-03T15:59:46
TCM135,TCM135_2,0,0,0,0,0,green,yolo26n.pt,0.4,1280,2026-06-03T15:59:46
TCM135,TCM135_3,0,0,0,0,0,green,yolo26n.pt,0.4,1280,2026-06-03T15:59:46
TCM136,TCM136_0,3,0,0,0,3,green,yolo26n.pt,0.4,1280,2026-06-03T15:59:46
TCM136,TCM136_1,1,0,1,0,2,green,yolo26n.pt,0.4,1280,2026-06-03T15:59:47
TCM136,TCM136_2,6,0,2,0,8,yellow,yolo26n.pt,0.4,1280,2026-06-03T15:59:47
TCM137,TCM137_0,8,0,0,0,8,yellow,yolo26n.pt,0.4,1280,2026-06-03T15:59:47
TCM137,TCM137_1,1,0,0,0,1,green,yolo26n.pt,0.4,1280,2026-06-03T15:59:47
TCM137,TCM137_2,4,0,1,0,5,green,yolo26n.pt,0.4,1280,2026-06-03T15:59:48
TCM137,TCM137_3,0,0,0,0,0,green,yolo26n.pt,0.4,1280,2026-06-03T15:59:48
TCM138,TCM138_0,0,0,0,0,0,green,yolo26n.pt,0.4,1280,2026-06-03T15:59:48
TCM138,TCM138_1,4,0,0,0,4,green,yolo26n.pt,0.4,1280,2026-06-03T15:59:48
TCM138,TCM138_2,3,0,0,0,3,green,yolo26n.pt,0.4,1280,2026-06-03T15:59:48
TCM138,TCM138_3,3,0,0,0,3,green,yolo26n.pt,0.4,1280,2026-06-03T15:59:49
TCM139,TCM139_0,9,0,0,0,9,yellow,yolo26n.pt,0.4,1280,2026-06-03T15:59:49
TCM139,TCM139_1,6,0,0,0,6,yellow,yolo26n.pt,0.4,1280,2026-06-03T15:59:49
TCM139,TCM139_2,5,0,0,0,5,green,yolo26n.pt,0.4,1280,2026-06-03T15:59:49
TCM139,TCM139_3,6,0,0,0,6,yellow,yolo26n.pt,0.4,1280,2026-06-03T15:59:50
TCM140,TCM140_0,2,0,0,0,2,green,yolo26n.pt,0.4,1280,2026-06-03T15:59:50
TCM140,TCM140_1,8,0,0,0,8,yellow,yolo26n.pt,0.4,1280,2026-06-03T15:59:50
TCM140,TCM140_2,0,0,0,0,0,green,yolo26n.pt,0.4,1280,2026-06-03T15:59:51
TCM140,TCM140_3,8,0,0,0,8,yellow,yolo26n.pt,0.4,1280,2026-06-03T15:59:51
TCM141,TCM141_0,7,0,0,0,7,yellow,yolo26n.pt,0.4,1280,2026-06-03T15:59:51
TCM141,TCM141_1,2,0,1,0,3,green,yolo26n.pt,0.4,1280,2026-06-03T15:59:51
TCM141,TCM141_2,7,0,0,0,7,yellow,yolo26n.pt,0.4,1280,2026-06-03T15:59:52
TCM142,TCM142_0,11,0,0,0,11,yellow,yolo26n.pt,0.4,1280,2026-06-03T15:59:52
TCM142,TCM142_1,12,1,0,0,13,yellow,yolo26n.pt,0.4,1280,2026-06-03T15:59:52
TCM142,TCM142_2,10,0,1,0,11,yellow,yolo26n.pt,0.4,1280,2026-06-03T15:59:53
TCM142,TCM142_3,11,0,0,0,11,yellow,yolo26n.pt,0.4,1280,2026-06-03T15:59:53
TCM143,TCM143_0,2,0,0,0,2,green,yolo26n.pt,0.4,1280,2026-06-03T15:59:53
TCM143,TCM143_1,4,0,0,0,4,green,yolo26n.pt,0.4,1280,2026-06-03T15:59:53
TCM143,TCM143_2,5,0,0,0,5,green,yolo26n.pt,0.4,1280,2026-06-03T15:59:54
TCM144,TCM144_0,3,0,0,0,3,green,yolo26n.pt,0.4,1280,2026-06-03T15:59:54
TCM144,TCM144_1,0,0,0,0,0,green,yolo26n.pt,0.4,1280,2026-06-03T15:59:54
TCM144,TCM144_2,3,0,0,0,3,green,yolo26n.pt,0.4,1280,2026-06-03T15:59:54
TCM144,TCM144_3,1,0,0,0,1,green,yolo26n.pt,0.4,1280,2026-06-03T15:59:55
TCM145,TCM145_0,11,0,0,0,11,yellow,yolo26n.pt,0.4,1280,2026-06-03T15:59:55
TCM145,TCM145_1,12,0,0,0,12,yellow,yolo26n.pt,0.4,1280,2026-06-03T15:59:55
TCM145,TCM145_2,10,0,1,0,11,yellow,yolo26n.pt,0.4,1280,2026-06-03T15:59:55
TCM145,TCM145_3,8,0,0,0,8,yellow,yolo26n.pt,0.4,1280,2026-06-03T15:59:55
TCM146,TCM146_0,0,0,0,1,1,green,yolo26n.pt,0.4,1280,2026-06-03T15:59:56
TCM146,TCM146_1,3,0,0,0,3,green,yolo26n.pt,0.4,1280,2026-06-03T15:59:56
TCM146,TCM146_2,4,0,0,0,4,green,yolo26n.pt,0.4,1280,2026-06-03T15:59:56
TCM146,TCM146_3,5,0,0,0,5,green,yolo26n.pt,0.4,1280,2026-06-03T15:59:57
TCM147,TCM147_0,11,0,0,0,11,yellow,yolo26n.pt,0.4,1280,2026-06-03T15:59:57
TCM147,TCM147_1,6,0,0,0,6,yellow,yolo26n.pt,0.4,1280,2026-06-03T15:59:57
TCM147,TCM147_2,17,0,1,0,18,red,yolo26n.pt,0.4,1280,2026-06-03T15:59:57
TCM147,TCM147_3,10,0,0,0,10,yellow,yolo26n.pt,0.4,1280,2026-06-03T15:59:58
TCM148,TCM148_0,8,0,0,0,8,yellow,yolo26n.pt,0.4,1280,2026-06-03T15:59:58
TCM148,TCM148_1,12,0,0,0,12,yellow,yolo26n.pt,0.4,1280,2026-06-03T15:59:58
TCM148,TCM148_2,15,0,0,0,15,yellow,yolo26n.pt,0.4,1280,2026-06-03T15:59:58
TCM148,TCM148_3,9,0,0,0,9,yellow,yolo26n.pt,0.4,1280,2026-06-03T15:59:58
TCM149,TCM149_0,3,0,0,0,3,green,yolo26n.pt,0.4,1280,2026-06-03T15:59:59
TCM149,TCM149_1,0,0,0,0,0,green,yolo26n.pt,0.4,1280,2026-06-03T15:59:59
TCM149,TCM149_2,3,0,2,0,5,green,yolo26n.pt,0.4,1280,2026-06-03T15:59:59
TCM149,TCM149_3,3,0,0,0,3,green,yolo26n.pt,0.4,1280,2026-06-03T15:59:59
TCM150,TCM150_0,2,0,1,0,3,green,yolo26n.pt,0.4,1280,2026-06-03T16:00:00
TCM150,TCM150_1,12,0,0,0,12,yellow,yolo26n.pt,0.4,1280,2026-06-03T16:00:00
TCM150,TCM150_2,2,0,1,0,3,green,yolo26n.pt,0.4,1280,2026-06-03T16:00:00
TCM150,TCM150_3,9,0,0,0,9,yellow,yolo26n.pt,0.4,1280,2026-06-03T16:00:00
TCM151,TCM151_0,1,0,0,0,1,green,yolo26n.pt,0.4,1280,2026-06-03T16:00:00
TCM151,TCM151_1,3,0,0,0,3,green,yolo26n.pt,0.4,1280,2026-06-03T16:00:01
TCM151,TCM151_2,2,0,1,0,3,green,yolo26n.pt,0.4,1280,2026-06-03T16:00:01
TCM151,TCM151_3,7,0,0,0,7,yellow,yolo26n.pt,0.4,1280,2026-06-03T16:00:01
TCM152,TCM152_0,4,0,0,0,4,green,yolo26n.pt,0.4,1280,2026-06-03T16:00:02
TCM152,TCM152_1,0,0,0,0,0,green,yolo26n.pt,0.4,1280,2026-06-03T16:00:02
TCM153,TCM153_0,2,1,0,0,3,green,yolo26n.pt,0.4,1280,2026-06-03T16:00:02
TCM153,TCM153_1,7,0,0,0,7,yellow,yolo26n.pt,0.4,1280,2026-06-03T16:00:02
TCM153,TCM153_2,3,0,0,0,3,green,yolo26n.pt,0.4,1280,2026-06-03T16:00:03
TCM153,TCM153_3,7,1,2,0,10,yellow,yolo26n.pt,0.4,1280,2026-06-03T16:00:03
TCM154,TCM154_0,13,0,1,0,14,yellow,yolo26n.pt,0.4,1280,2026-06-03T16:00:03
TCM154,TCM154_1,9,0,0,0,9,yellow,yolo26n.pt,0.4,1280,2026-06-03T16:00:03
TCM154,TCM154_2,11,1,0,0,12,yellow,yolo26n.pt,0.4,1280,2026-06-03T16:00:03
TCM154,TCM154_3,7,0,0,0,7,yellow,yolo26n.pt,0.4,1280,2026-06-03T16:00:04
TCM155,TCM155_0,1,0,0,0,1,green,yolo26n.pt,0.4,1280,2026-06-03T16:00:04
TCM155,TCM155_1,10,0,2,0,12,yellow,yolo26n.pt,0.4,1280,2026-06-03T16:00:04
TCM155,TCM155_2,0,0,1,0,1,green,yolo26n.pt,0.4,1280,2026-06-03T16:00:04
TCM155,TCM155_3,3,0,1,0,4,green,yolo26n.pt,0.4,1280,2026-06-03T16:00:05
TCM156,TCM156_0,6,0,0,0,6,yellow,yolo26n.pt,0.4,1280,2026-06-03T16:00:05
TCM156,TCM156_1,0,0,0,0,0,green,yolo26n.pt,0.4,1280,2026-06-03T16:00:05
TCM156,TCM156_2,1,0,0,0,1,green,yolo26n.pt,0.4,1280,2026-06-03T16:00:05
TCM156,TCM156_3,1,0,0,0,1,green,yolo26n.pt,0.4,1280,2026-06-03T16:00:05
TCM157,TCM157_0,6,0,0,0,6,yellow,yolo26n.pt,0.4,1280,2026-06-03T16:00:06
TCM157,TCM157_1,2,0,0,0,2,green,yolo26n.pt,0.4,1280,2026-06-03T16:00:06
TCM157,TCM157_2,4,0,0,0,4,green,yolo26n.pt,0.4,1280,2026-06-03T16:00:06
TCM157,TCM157_3,0,0,0,0,0,green,yolo26n.pt,0.4,1280,2026-06-03T16:00:06
TCM158,TCM158_0,4,0,0,0,4,green,yolo26n.pt,0.4,1280,2026-06-03T16:00:07
TCM158,TCM158_1,4,0,1,0,5,green,yolo26n.pt,0.4,1280,2026-06-03T16:00:07
TCM158,TCM158_2,3,0,0,0,3,green,yolo26n.pt,0.4,1280,2026-06-03T16:00:07
TCM158,TCM158_3,3,1,0,0,4,green,yolo26n.pt,0.4,1280,2026-06-03T16:00:08
TCM159,TCM159_0,3,0,0,0,3,green,yolo26n.pt,0.4,1280,2026-06-03T16:00:08
TCM159,TCM159_1,0,0,1,0,1,green,yolo26n.pt,0.4,1280,2026-06-03T16:00:08
TCM159,TCM159_2,3,0,0,0,3,green,yolo26n.pt,0.4,1280,2026-06-03T16:00:08
TCM159,TCM159_3,4,0,0,0,4,green,yolo26n.pt,0.4,1280,2026-06-03T16:00:08
TCM160,TCM160_0,5,0,0,0,5,green,yolo26n.pt,0.4,1280,2026-06-03T16:00:09
TCM160,TCM160_1,2,0,0,0,2,green,yolo26n.pt,0.4,1280,2026-06-03T16:00:09
TCM160,TCM160_2,0,0,0,0,0,green,yolo26n.pt,0.4,1280,2026-06-03T16:00:09
TCM160,TCM160_3,3,0,0,0,3,green,yolo26n.pt,0.4,1280,2026-06-03T16:00:09
TCM161,TCM161_0,4,0,0,0,4,green,yolo26n.pt,0.4,1280,2026-06-03T16:00:10
TCM161,TCM161_1,3,0,2,0,5,green,yolo26n.pt,0.4,1280,2026-06-03T16:00:10
TCM161,TCM161_2,6,0,0,0,6,yellow,yolo26n.pt,0.4,1280,2026-06-03T16:00:10
TCM161,TCM161_3,2,0,0,0,2,green,yolo26n.pt,0.4,1280,2026-06-03T16:00:10
TCM162,TCM162_0,2,0,0,0,2,green,yolo26n.pt,0.4,1280,2026-06-03T16:00:10
TCM162,TCM162_1,9,0,1,0,10,yellow,yolo26n.pt,0.4,1280,2026-06-03T16:00:11
TCM162,TCM162_2,4,0,0,0,4,green,yolo26n.pt,0.4,1280,2026-06-03T16:00:11
TCM162,TCM162_3,3,0,0,0,3,green,yolo26n.pt,0.4,1280,2026-06-03T16:00:11
TCM163,TCM163_0,3,0,0,0,3,green,yolo26n.pt,0.4,1280,2026-06-03T16:00:11
TCM163,TCM163_1,6,1,0,0,7,yellow,yolo26n.pt,0.4,1280,2026-06-03T16:00:12
TCM163,TCM163_2,2,0,1,0,3,green,yolo26n.pt,0.4,1280,2026-06-03T16:00:12
TCM163,TCM163_3,3,0,1,0,4,green,yolo26n.pt,0.4,1280,2026-06-03T16:00:12
TCM164,TCM164_0,1,0,0,0,1,green,yolo26n.pt,0.4,1280,2026-06-03T16:00:12
TCM164,TCM164_1,7,0,0,0,7,yellow,yolo26n.pt,0.4,1280,2026-06-03T16:00:13
TCM164,TCM164_2,3,0,0,0,3,green,yolo26n.pt,0.4,1280,2026-06-03T16:00:13
TCM164,TCM164_3,4,0,0,0,4,green,yolo26n.pt,0.4,1280,2026-06-03T16:00:13
TCM165,TCM165_0,4,0,0,0,4,green,yolo26n.pt,0.4,1280,2026-06-03T16:00:13
TCM165,TCM165_1,0,0,0,0,0,green,yolo26n.pt,0.4,1280,2026-06-03T16:00:14
TCM165,TCM165_2,3,0,0,0,3,green,yolo26n.pt,0.4,1280,2026-06-03T16:00:14
TCM165,TCM165_3,7,0,0,0,7,yellow,yolo26n.pt,0.4,1280,2026-06-03T16:00:14
TCM166,TCM166_0,2,0,0,0,2,green,yolo26n.pt,0.4,1280,2026-06-03T16:00:14
TCM166,TCM166_1,2,0,0,0,2,green,yolo26n.pt,0.4,1280,2026-06-03T16:00:15
TCM166,TCM166_2,3,0,0,0,3,green,yolo26n.pt,0.4,1280,2026-06-03T16:00:15
TCM166,TCM166_3,7,0,0,0,7,yellow,yolo26n.pt,0.4,1280,2026-06-03T16:00:15
TCM167,TCM167_0,4,0,0,0,4,green,yolo26n.pt,0.4,1280,2026-06-03T16:00:15
TCM167,TCM167_1,2,0,0,0,2,green,yolo26n.pt,0.4,1280,2026-06-03T16:00:15
TCM167,TCM167_2,5,0,0,0,5,green,yolo26n.pt,0.4,1280,2026-06-03T16:00:16
TCM167,TCM167_3,0,0,0,0,0,green,yolo26n.pt,0.4,1280,2026-06-03T16:00:16
TCM168,TCM168_0,3,0,0,0,3,green,yolo26n.pt,0.4,1280,2026-06-03T16:00:16
TCM168,TCM168_1,0,0,0,0,0,green,yolo26n.pt,0.4,1280,2026-06-03T16:00:16
TCM168,TCM168_2,7,0,0,0,7,yellow,yolo26n.pt,0.4,1280,2026-06-03T16:00:17
TCM168,TCM168_3,0,0,0,0,0,green,yolo26n.pt,0.4,1280,2026-06-03T16:00:17
TCM169,TCM169_0,1,0,0,0,1,green,yolo26n.pt,0.4,1280,2026-06-03T16:00:17
TCM169,TCM169_1,8,0,0,0,8,yellow,yolo26n.pt,0.4,1280,2026-06-03T16:00:17
TCM169,TCM169_2,4,0,0,0,4,green,yolo26n.pt,0.4,1280,2026-06-03T16:00:18
TCM169,TCM169_3,0,0,0,0,0,green,yolo26n.pt,0.4,1280,2026-06-03T16:00:18
TCM170,TCM170_0,0,0,0,0,0,green,yolo26n.pt,0.4,1280,2026-06-03T16:00:18
TCM170,TCM170_1,0,0,0,0,0,green,yolo26n.pt,0.4,1280,2026-06-03T16:00:18
TCM170,TCM170_2,3,0,0,0,3,green,yolo26n.pt,0.4,1280,2026-06-03T16:00:19
TCM170,TCM170_3,0,0,0,0,0,green,yolo26n.pt,0.4,1280,2026-06-03T16:00:19
TCM171,TCM171_0,1,0,0,0,1,green,yolo26n.pt,0.4,1280,2026-06-03T16:00:19
TCM171,TCM171_1,4,0,0,0,4,green,yolo26n.pt,0.4,1280,2026-06-03T16:00:19
TCM171,TCM171_2,10,0,0,0,10,yellow,yolo26n.pt,0.4,1280,2026-06-03T16:00:20
TCM171,TCM171_3,4,0,0,0,4,green,yolo26n.pt,0.4,1280,2026-06-03T16:00:20
TCM172,TCM172_0,0,0,0,0,0,green,yolo26n.pt,0.4,1280,2026-06-03T16:00:20
TCM172,TCM172_1,10,0,0,0,10,yellow,yolo26n.pt,0.4,1280,2026-06-03T16:00:21
TCM172,TCM172_2,2,0,1,0,3,green,yolo26n.pt,0.4,1280,2026-06-03T16:00:21
TCM172,TCM172_3,9,0,0,0,9,yellow,yolo26n.pt,0.4,1280,2026-06-03T16:00:21
TCM173,TCM173_0,6,0,0,0,6,yellow,yolo26n.pt,0.4,1280,2026-06-03T16:00:21
TCM173,TCM173_1,1,0,0,0,1,green,yolo26n.pt,0.4,1280,2026-06-03T16:00:22
TCM173,TCM173_2,7,0,0,0,7,yellow,yolo26n.pt,0.4,1280,2026-06-03T16:00:22
TCM173,TCM173_3,1,0,0,0,1,green,yolo26n.pt,0.4,1280,2026-06-03T16:00:22
TCM174,TCM174_0,11,0,0,0,11,yellow,yolo26n.pt,0.4,1280,2026-06-03T16:00:23
TCM174,TCM174_1,9,0,1,0,10,yellow,yolo26n.pt,0.4,1280,2026-06-03T16:00:23
TCM174,TCM174_2,13,0,3,0,16,red,yolo26n.pt,0.4,1280,2026-06-03T16:00:23
TCM174,TCM174_3,6,0,1,0,7,yellow,yolo26n.pt,0.4,1280,2026-06-03T16:00:23
TCM175,TCM175_0,9,0,0,0,9,yellow,yolo26n.pt,0.4,1280,2026-06-03T16:00:24
TCM175,TCM175_1,2,0,0,0,2,green,yolo26n.pt,0.4,1280,2026-06-03T16:00:24
TCM175,TCM175_2,7,0,0,0,7,yellow,yolo26n.pt,0.4,1280,2026-06-03T16:00:24
TCM175,TCM175_3,13,0,0,0,13,yellow,yolo26n.pt,0.4,1280,2026-06-03T16:00:25
TCM176,TCM176_0,4,0,0,0,4,green,yolo26n.pt,0.4,1280,2026-06-03T16:00:25
TCM176,TCM176_1,4,0,0,0,4,green,yolo26n.pt,0.4,1280,2026-06-03T16:00:25
TCM176,TCM176_2,3,0,0,0,3,green,yolo26n.pt,0.4,1280,2026-06-03T16:00:25
TCM176,TCM176_3,5,0,0,0,5,green,yolo26n.pt,0.4,1280,2026-06-03T16:00:26
TCM177,TCM177_0,5,0,1,0,6,yellow,yolo26n.pt,0.4,1280,2026-06-03T16:00:26
TCM177,TCM177_1,9,0,1,0,10,yellow,yolo26n.pt,0.4,1280,2026-06-03T16:00:26
TCM177,TCM177_2,7,0,0,0,7,yellow,yolo26n.pt,0.4,1280,2026-06-03T16:00:26
TCM177,TCM177_3,6,0,1,0,7,yellow,yolo26n.pt,0.4,1280,2026-06-03T16:00:27
TCM178,TCM178_0,13,0,0,0,13,yellow,yolo26n.pt,0.4,1280,2026-06-03T16:00:27
TCM178,TCM178_1,2,0,0,0,2,green,yolo26n.pt,0.4,1280,2026-06-03T16:00:27
TCM178,TCM178_2,12,0,4,0,16,red,yolo26n.pt,0.4,1280,2026-06-03T16:00:27
TCM178,TCM178_3,7,0,1,0,8,yellow,yolo26n.pt,0.4,1280,2026-06-03T16:00:28
TCM179,TCM179_0,2,0,0,0,2,green,yolo26n.pt,0.4,1280,2026-06-03T16:00:28
TCM179,TCM179_1,6,0,0,0,6,yellow,yolo26n.pt,0.4,1280,2026-06-03T16:00:28
TCM179,TCM179_2,1,0,0,0,1,green,yolo26n.pt,0.4,1280,2026-06-03T16:00:28
TCM179,TCM179_3,7,0,0,0,7,yellow,yolo26n.pt,0.4,1280,2026-06-03T16:00:28
TCM180,TCM180_0,14,0,1,0,15,yellow,yolo26n.pt,0.4,1280,2026-06-03T16:00:29
TCM180,TCM180_1,14,0,2,0,16,red,yolo26n.pt,0.4,1280,2026-06-03T16:00:29
TCM180,TCM180_2,1,0,0,0,1,green,yolo26n.pt,0.4,1280,2026-06-03T16:00:29
TCM180,TCM180_3,10,0,3,0,13,yellow,yolo26n.pt,0.4,1280,2026-06-03T16:00:30
TCM181,TCM181_0,2,0,2,0,4,green,yolo26n.pt,0.4,1280,2026-06-03T16:00:30
TCM181,TCM181_1,9,1,0,0,10,yellow,yolo26n.pt,0.4,1280,2026-06-03T16:00:30
TCM181,TCM181_2,10,0,0,0,10,yellow,yolo26n.pt,0.4,1280,2026-06-03T16:00:30
TCM181,TCM181_3,10,1,0,0,11,yellow,yolo26n.pt,0.4,1280,2026-06-03T16:00:31
TCM182,TCM182_0,5,0,1,0,6,yellow,yolo26n.pt,0.4,1280,2026-06-03T16:00:31
TCM182,TCM182_1,11,0,0,0,11,yellow,yolo26n.pt,0.4,1280,2026-06-03T16:00:31
TCM182,TCM182_2,10,0,0,0,10,yellow,yolo26n.pt,0.4,1280,2026-06-03T16:00:31
TCM182,TCM182_3,11,1,1,0,13,yellow,yolo26n.pt,0.4,1280,2026-06-03T16:00:32
TCM183,TCM183_0,1,0,0,0,1,green,yolo26n.pt,0.4,1280,2026-06-03T16:00:32
TCM183,TCM183_1,4,0,1,0,5,green,yolo26n.pt,0.4,1280,2026-06-03T16:00:32
TCM183,TCM183_2,5,0,1,0,6,yellow,yolo26n.pt,0.4,1280,2026-06-03T16:00:32
TCM183,TCM183_3,7,0,0,0,7,yellow,yolo26n.pt,0.4,1280,2026-06-03T16:00:33
TCM184,TCM184_0,2,0,0,0,2,green,yolo26n.pt,0.4,1280,2026-06-03T16:00:33
TCM184,TCM184_1,7,0,0,0,7,yellow,yolo26n.pt,0.4,1280,2026-06-03T16:00:33
TCM184,TCM184_2,1,0,0,0,1,green,yolo26n.pt,0.4,1280,2026-06-03T16:00:33
TCM184,TCM184_3,8,0,0,0,8,yellow,yolo26n.pt,0.4,1280,2026-06-03T16:00:34
TCM185,TCM185_0,6,0,0,0,6,yellow,yolo26n.pt,0.4,1280,2026-06-03T16:00:34
TCM185,TCM185_1,1,0,1,0,2,green,yolo26n.pt,0.4,1280,2026-06-03T16:00:34
TCM185,TCM185_2,4,0,0,0,4,green,yolo26n.pt,0.4,1280,2026-06-03T16:00:34
TCM185,TCM185_3,13,0,0,0,13,yellow,yolo26n.pt,0.4,1280,2026-06-03T16:00:35
TCM186,TCM186_0,4,0,0,0,4,green,yolo26n.pt,0.4,1280,2026-06-03T16:00:35
TCM186,TCM186_1,2,0,0,0,2,green,yolo26n.pt,0.4,1280,2026-06-03T16:00:35
TCM186,TCM186_2,7,0,0,0,7,yellow,yolo26n.pt,0.4,1280,2026-06-03T16:00:35
TCM186,TCM186_3,1,0,0,0,1,green,yolo26n.pt,0.4,1280,2026-06-03T16:00:36
TCM187,TCM187_0,9,0,0,0,9,yellow,yolo26n.pt,0.4,1280,2026-06-03T16:00:36
TCM187,TCM187_1,1,0,0,0,1,green,yolo26n.pt,0.4,1280,2026-06-03T16:00:36
TCM187,TCM187_2,7,0,0,0,7,yellow,yolo26n.pt,0.4,1280,2026-06-03T16:00:36
TCM187,TCM187_3,1,0,0,0,1,green,yolo26n.pt,0.4,1280,2026-06-03T16:00:37
TCM188,TCM188_0,7,0,2,0,9,yellow,yolo26n.pt,0.4,1280,2026-06-03T16:00:37
TCM188,TCM188_1,8,0,0,0,8,yellow,yolo26n.pt,0.4,1280,2026-06-03T16:00:37
TCM188,TCM188_2,13,0,0,0,13,yellow,yolo26n.pt,0.4,1280,2026-06-03T16:00:37
TCM188,TCM188_3,1,0,0,0,1,green,yolo26n.pt,0.4,1280,2026-06-03T16:00:38
TCM189,TCM189_0,14,0,0,0,14,yellow,yolo26n.pt,0.4,1280,2026-06-03T16:00:38
TCM189,TCM189_1,3,1,0,0,4,green,yolo26n.pt,0.4,1280,2026-06-03T16:00:38
TCM189,TCM189_2,10,0,0,0,10,yellow,yolo26n.pt,0.4,1280,2026-06-03T16:00:38
TCM189,TCM189_3,5,1,0,0,6,yellow,yolo26n.pt,0.4,1280,2026-06-03T16:00:39
TCM190,TCM190_0,3,0,0,0,3,green,yolo26n.pt,0.4,1280,2026-06-03T16:00:39
TCM190,TCM190_1,3,0,0,0,3,green,yolo26n.pt,0.4,1280,2026-06-03T16:00:39
TCM190,TCM190_2,8,0,1,0,9,yellow,yolo26n.pt,0.4,1280,2026-06-03T16:00:39
TCM190,TCM190_3,14,0,0,0,14,yellow,yolo26n.pt,0.4,1280,2026-06-03T16:00:39
TCM191,TCM191_0,4,0,0,0,4,green,yolo26n.pt,0.4,1280,2026-06-03T16:00:40
TCM191,TCM191_1,4,0,0,0,4,green,yolo26n.pt,0.4,1280,2026-06-03T16:00:40
TCM191,TCM191_2,2,0,0,0,2,green,yolo26n.pt,0.4,1280,2026-06-03T16:00:40
TCM191,TCM191_3,7,0,0,0,7,yellow,yolo26n.pt,0.4,1280,2026-06-03T16:00:41
TCM192,TCM192_0,0,0,0,0,0,green,yolo26n.pt,0.4,1280,2026-06-03T16:00:41
TCM193,TCM193_0,9,0,1,0,10,yellow,yolo26n.pt,0.4,1280,2026-06-03T16:00:41
TCM193,TCM193_1,2,0,1,0,3,green,yolo26n.pt,0.4,1280,2026-06-03T16:00:41
TCM193,TCM193_2,10,0,0,0,10,yellow,yolo26n.pt,0.4,1280,2026-06-03T16:00:42
TCM193,TCM193_3,5,0,0,0,5,green,yolo26n.pt,0.4,1280,2026-06-03T16:00:42
TCM199,TCM199_0,2,0,0,0,2,green,yolo26n.pt,0.4,1280,2026-06-03T16:00:42
TCM199,TCM199_1,2,0,0,0,2,green,yolo26n.pt,0.4,1280,2026-06-03T16:00:42
TCM199,TCM199_2,0,0,0,0,0,green,yolo26n.pt,0.4,1280,2026-06-03T16:00:43
TCM200,TCM200_0,4,0,0,0,4,green,yolo26n.pt,0.4,1280,2026-06-03T16:00:43
TCM200,TCM200_1,3,0,0,0,3,green,yolo26n.pt,0.4,1280,2026-06-03T16:00:43
TCM200,TCM200_2,1,0,0,0,1,green,yolo26n.pt,0.4,1280,2026-06-03T16:00:43
TCM200,TCM200_3,7,0,0,0,7,yellow,yolo26n.pt,0.4,1280,2026-06-03T16:00:43
TCM201,TCM201_0,14,0,0,0,14,yellow,yolo26n.pt,0.4,1280,2026-06-03T16:00:44
TCM201,TCM201_1,7,1,0,0,8,yellow,yolo26n.pt,0.4,1280,2026-06-03T16:00:44
TCM201,TCM201_2,10,0,0,0,10,yellow,yolo26n.pt,0.4,1280,2026-06-03T16:00:44
TCM201,TCM201_3,12,0,0,0,12,yellow,yolo26n.pt,0.4,1280,2026-06-03T16:00:44
TCM202,TCM202_0,11,0,2,0,13,yellow,yolo26n.pt,0.4,1280,2026-06-03T16:00:45
TCM202,TCM202_1,14,0,0,0,14,yellow,yolo26n.pt,0.4,1280,2026-06-03T16:00:45
TCM202,TCM202_2,7,0,0,0,7,yellow,yolo26n.pt,0.4,1280,2026-06-03T16:00:45
TCM202,TCM202_3,10,0,1,0,11,yellow,yolo26n.pt,0.4,1280,2026-06-03T16:00:46
TCM203,TCM203_0,2,0,0,0,2,green,yolo26n.pt,0.4,1280,2026-06-03T16:00:46
TCM203,TCM203_1,8,0,1,0,9,yellow,yolo26n.pt,0.4,1280,2026-06-03T16:00:46
TCM203,TCM203_2,5,0,1,0,6,yellow,yolo26n.pt,0.4,1280,2026-06-03T16:00:46
TCM203,TCM203_3,14,0,0,0,14,yellow,yolo26n.pt,0.4,1280,2026-06-03T16:00:47
TCM204,TCM204_0,7,0,0,0,7,yellow,yolo26n.pt,0.4,1280,2026-06-03T16:00:47
TCM204,TCM204_1,6,0,0,0,6,yellow,yolo26n.pt,0.4,1280,2026-06-03T16:00:47
TCM204,TCM204_2,6,0,0,0,6,yellow,yolo26n.pt,0.4,1280,2026-06-03T16:00:47
TCM204,TCM204_3,1,0,0,0,1,green,yolo26n.pt,0.4,1280,2026-06-03T16:00:47
TCM205,TCM205_0,6,0,0,0,6,yellow,yolo26n.pt,0.4,1280,2026-06-03T16:00:48
TCM205,TCM205_1,1,0,0,0,1,green,yolo26n.pt,0.4,1280,2026-06-03T16:00:48
TCM205,TCM205_2,5,0,0,0,5,green,yolo26n.pt,0.4,1280,2026-06-03T16:00:48
TCM205,TCM205_3,9,0,0,0,9,yellow,yolo26n.pt,0.4,1280,2026-06-03T16:00:48
TCM206,TCM206_0,8,0,0,0,8,yellow,yolo26n.pt,0.4,1280,2026-06-03T16:00:49
TCM206,TCM206_1,10,0,0,0,10,yellow,yolo26n.pt,0.4,1280,2026-06-03T16:00:49
TCM206,TCM206_2,2,0,0,0,2,green,yolo26n.pt,0.4,1280,2026-06-03T16:00:49
TCM206,TCM206_3,2,0,0,0,2,green,yolo26n.pt,0.4,1280,2026-06-03T16:00:49
TCM207,TCM207_0,6,0,0,0,6,yellow,yolo26n.pt,0.4,1280,2026-06-03T16:00:50
TCM207,TCM207_1,7,0,0,0,7,yellow,yolo26n.pt,0.4,1280,2026-06-03T16:00:50
TCM207,TCM207_2,4,0,0,0,4,green,yolo26n.pt,0.4,1280,2026-06-03T16:00:50
TCM207,TCM207_3,10,0,0,0,10,yellow,yolo26n.pt,0.4,1280,2026-06-03T16:00:50
TCM208,TCM208_0,7,0,1,0,8,yellow,yolo26n.pt,0.4,1280,2026-06-03T16:00:51
TCM208,TCM208_1,1,0,0,0,1,green,yolo26n.pt,0.4,1280,2026-06-03T16:00:51
TCM208,TCM208_2,3,0,0,0,3,green,yolo26n.pt,0.4,1280,2026-06-03T16:00:51
TCM208,TCM208_3,1,0,2,0,3,green,yolo26n.pt,0.4,1280,2026-06-03T16:00:52
TCM209,TCM209_0,8,0,0,0,8,yellow,yolo26n.pt,0.4,1280,2026-06-03T16:00:52
TCM209,TCM209_1,0,0,0,0,0,green,yolo26n.pt,0.4,1280,2026-06-03T16:00:52
TCM209,TCM209_2,4,0,0,0,4,green,yolo26n.pt,0.4,1280,2026-06-03T16:00:52
TCM209,TCM209_3,2,0,0,0,2,green,yolo26n.pt,0.4,1280,2026-06-03T16:00:53
TCM210,TCM210_0,14,0,1,0,15,yellow,yolo26n.pt,0.4,1280,2026-06-03T16:00:53
TCM210,TCM210_1,16,0,0,0,16,red,yolo26n.pt,0.4,1280,2026-06-03T16:00:53
TCM210,TCM210_2,8,0,0,0,8,yellow,yolo26n.pt,0.4,1280,2026-06-03T16:00:53
TCM210,TCM210_3,12,0,1,0,13,yellow,yolo26n.pt,0.4,1280,2026-06-03T16:00:54
TCM211,TCM211_0,8,0,0,0,8,yellow,yolo26n.pt,0.4,1280,2026-06-03T16:00:54
TCM211,TCM211_1,2,0,0,0,2,green,yolo26n.pt,0.4,1280,2026-06-03T16:00:54
TCM211,TCM211_2,5,0,0,0,5,green,yolo26n.pt,0.4,1280,2026-06-03T16:00:54
TCM211,TCM211_3,0,0,0,0,0,green,yolo26n.pt,0.4,1280,2026-06-03T16:00:54
TCM212,TCM212_0,10,0,1,0,11,yellow,yolo26n.pt,0.4,1280,2026-06-03T16:00:55
TCM212,TCM212_1,3,0,0,0,3,green,yolo26n.pt,0.4,1280,2026-06-03T16:00:55
TCM212,TCM212_2,15,0,1,0,16,red,yolo26n.pt,0.4,1280,2026-06-03T16:00:55
TCM212,TCM212_3,8,0,0,0,8,yellow,yolo26n.pt,0.4,1280,2026-06-03T16:00:55
TCM213,TCM213_0,3,0,0,0,3,green,yolo26n.pt,0.4,1280,2026-06-03T16:00:56
TCM213,TCM213_1,9,0,0,0,9,yellow,yolo26n.pt,0.4,1280,2026-06-03T16:00:56
TCM213,TCM213_2,11,0,0,0,11,yellow,yolo26n.pt,0.4,1280,2026-06-03T16:00:56
TCM213,TCM213_3,6,0,2,0,8,yellow,yolo26n.pt,0.4,1280,2026-06-03T16:00:57
TCM214,TCM214_0,20,0,0,0,20,red,yolo26n.pt,0.4,1280,2026-06-03T16:00:57
TCM214,TCM214_1,17,0,0,0,17,red,yolo26n.pt,0.4,1280,2026-06-03T16:00:57
TCM214,TCM214_2,11,0,0,0,11,yellow,yolo26n.pt,0.4,1280,2026-06-03T16:00:57
TCM214,TCM214_3,15,0,0,0,15,yellow,yolo26n.pt,0.4,1280,2026-06-03T16:00:58
TCM215,TCM215_0,2,0,0,0,2,green,yolo26n.pt,0.4,1280,2026-06-03T16:00:58
TCM215,TCM215_1,8,0,0,0,8,yellow,yolo26n.pt,0.4,1280,2026-06-03T16:00:58
TCM215,TCM215_2,6,0,0,0,6,yellow,yolo26n.pt,0.4,1280,2026-06-03T16:00:58
TCM215,TCM215_3,2,0,0,0,2,green,yolo26n.pt,0.4,1280,2026-06-03T16:00:59
TCM216,TCM216_0,9,0,0,0,9,yellow,yolo26n.pt,0.4,1280,2026-06-03T16:00:59
TCM216,TCM216_1,16,0,0,0,16,red,yolo26n.pt,0.4,1280,2026-06-03T16:00:59
TCM216,TCM216_2,4,0,0,0,4,green,yolo26n.pt,0.4,1280,2026-06-03T16:00:59
TCM216,TCM216_3,12,0,1,0,13,yellow,yolo26n.pt,0.4,1280,2026-06-03T16:01:00
TCM217,TCM217_0,10,0,2,0,12,yellow,yolo26n.pt,0.4,1280,2026-06-03T16:01:00
TCM217,TCM217_1,5,0,0,0,5,green,yolo26n.pt,0.4,1280,2026-06-03T16:01:00
TCM217,TCM217_2,20,0,0,0,20,red,yolo26n.pt,0.4,1280,2026-06-03T16:01:00
TCM217,TCM217_3,4,0,0,0,4,green,yolo26n.pt,0.4,1280,2026-06-03T16:01:00
TCM218,TCM218_0,9,0,0,0,9,yellow,yolo26n.pt,0.4,1280,2026-06-03T16:01:01
TCM218,TCM218_1,13,0,0,0,13,yellow,yolo26n.pt,0.4,1280,2026-06-03T16:01:01
TCM218,TCM218_2,13,0,0,0,13,yellow,yolo26n.pt,0.4,1280,2026-06-03T16:01:01
TCM218,TCM218_3,15,0,0,0,15,yellow,yolo26n.pt,0.4,1280,2026-06-03T16:01:01
TCM219,TCM219_0,0,0,0,0,0,green,yolo26n.pt,0.4,1280,2026-06-03T16:01:02
TCM219,TCM219_1,0,0,0,0,0,green,yolo26n.pt,0.4,1280,2026-06-03T16:01:02
TCM219,TCM219_2,11,0,0,0,11,yellow,yolo26n.pt,0.4,1280,2026-06-03T16:01:02
TCM219,TCM219_3,3,0,0,0,3,green,yolo26n.pt,0.4,1280,2026-06-03T16:01:03
TCM220,TCM220_0,2,0,0,0,2,green,yolo26n.pt,0.4,1280,2026-06-03T16:01:03
TCM220,TCM220_1,0,0,0,0,0,green,yolo26n.pt,0.4,1280,2026-06-03T16:01:03
TCM220,TCM220_2,6,0,0,0,6,yellow,yolo26n.pt,0.4,1280,2026-06-03T16:01:03
TCM220,TCM220_3,1,0,1,0,2,green,yolo26n.pt,0.4,1280,2026-06-03T16:01:04
